image_id,x,y,width,height
500,277.22418212890625,221.62413024902344,51.971923828125,364.2230224609375
500,594.7879638671875,272.4118347167969,51.25146484375,202.84130859375
500,131.4431915283203,243.7935791015625,38.0245361328125,285.68475341796875
500,719.8973388671875,115.13385009765625,38.5523681640625,474.6954345703125
500,198.84219360351562,365.3199462890625,46.497589111328125,194.6302490234375
500,16.294401168823242,206.2838592529297,46.67344665527344,473.930908203125
500,515.9898071289062,188.84707641601562,47.7156982421875,283.71630859375
500,662.522216796875,118.97900390625,66.1690673828125,379.233154296875
500,93.59368896484375,263.4166564941406,29.64990234375,278.7347106933594
500,456.0628662109375,164.49305725097656,42.83221435546875,394.0494384765625
500,339.7002868652344,199.15504455566406,44.0155029296875,425.73248291015625
501,510.4793701171875,269.6722412109375,46.5416259765625,169.67816162109375
501,202.26803588867188,336.4091796875,51.13165283203125,158.5596923828125
501,97.27137756347656,266.9143981933594,55.045928955078125,196.28900146484375
501,692.8820190429688,210.52389526367188,38.8465576171875,186.06060791015625
501,362.9853515625,282.4183654785156,53.19384765625,187.6827392578125
501,563.5927734375,238.4145050048828,37.6705322265625,217.36094665527344
501,620.4011840820312,321.31085205078125,40.20703125,103.95745849609375
501,305.1266174316406,254.37489318847656,41.6829833984375,256.77093505859375
503,111.06385803222656,188.66448974609375,48.40338134765625,288.86175537109375
503,638.8778686523438,280.52642822265625,48.99658203125,266.32989501953125
503,496.7479553222656,308.7713317871094,46.701507568359375,174.73455810546875
503,251.17784118652344,191.39137268066406,58.39918518066406,313.9239501953125
503,45.507896423339844,154.3358917236328,48.63639831542969,370.22625732421875
503,365.1756591796875,322.5843200683594,40.26995849609375,204.45059204101562
503,439.1511535644531,228.66012573242188,32.45391845703125,375.2998352050781
503,291.96075439453125,154.75567626953125,52.35076904296875,443.19488525390625
503,692.2359008789062,216.27621459960938,46.9324951171875,408.9461975097656
503,193.4309844970703,303.2090148925781,36.319793701171875,194.8553466796875
504,444.9244079589844,186.0032958984375,36.16839599609375,435.070068359375
504,207.60333251953125,203.25933837890625,51.403594970703125,459.77020263671875
504,556.3309326171875,205.54713439941406,36.529296875,416.576416015625
504,733.371826171875,-8.144439697265625,59.275634765625,655.4356689453125
504,674.8682250976562,288.5724182128906,43.33837890625,391.8433532714844
504,90.71859741210938,258.376220703125,40.528045654296875,348.62713623046875
504,144.43231201171875,286.7062683105469,43.99139404296875,340.1841125488281
504,4.278963088989258,189.02407836914062,36.77685546875,530.4476318359375
504,281.22186279296875,181.53692626953125,38.59979248046875,629.475341796875
504,496.79119873046875,476.56890869140625,46.0794677734375,94.1466064453125
504,338.9384765625,488.4049987792969,65.11865234375,92.60836791992188
504,620.0653686523438,134.09811401367188,31.308349609375,594.82275390625
505,673.7815551757812,107.06538391113281,36.82958984375,244.00303649902344
505,329.58648681640625,181.8144073486328,48.42352294921875,203.98313903808594
505,106.54247283935547,242.41128540039062,64.51371002197266,200.73992919921875
505,398.07537841796875,239.3298797607422,44.16845703125,120.39152526855469
505,203.990234375,252.84719848632812,45.85552978515625,147.1595458984375
505,276.16424560546875,189.85569763183594,50.507080078125,230.5965118408203
505,517.8536376953125,97.79103088378906,58.4339599609375,370.26434326171875
505,487.44000244140625,162.72598266601562,29.26849365234375,243.7679443359375
505,19.89425277709961,98.87333679199219,45.474369049072266,428.7198486328125
506,449.4300537109375,307.68084716796875,50.29669189453125,135.6243896484375
506,153.08473205566406,336.0567321777344,40.31915283203125,106.15582275390625
506,570.7974243164062,302.75396728515625,29.6099853515625,103.9610595703125
506,264.4148864746094,326.6704406738281,29.3231201171875,128.5859375
506,138.96214294433594,320.5069580078125,72.63177490234375,278.35711669921875
506,312.43157958984375,340.2528381347656,31.79376220703125,91.298828125
507,147.98843383789062,269.10498046875,61.518768310546875,308.26202392578125
507,255.71556091308594,373.4047546386719,62.41950988769531,184.77127075195312
507,370.7662353515625,296.2391357421875,51.8546142578125,233.338134765625
507,493.0158996582031,341.9622802734375,51.039398193359375,196.78375244140625
507,607.1636352539062,233.89614868164062,50.1629638671875,328.8648376464844
508,361.2716979980469,277.1450500488281,39.7164306640625,191.1011962890625
508,508.77703857421875,290.7087097167969,40.177001953125,154.06488037109375
508,225.25794982910156,282.0076904296875,32.76676940917969,226.27606201171875
508,623.96337890625,259.6865539550781,65.0438232421875,202.24542236328125
508,421.4728088378906,191.29136657714844,44.450439453125,350.667236328125
508,162.9656524658203,193.1313018798828,31.32623291015625,336.7064208984375
509,563.439208984375,308.1153259277344,44.9388427734375,208.67483520507812
509,160.46421813964844,271.2475891113281,43.452850341796875,200.27227783203125
509,286.8453063964844,253.0963897705078,40.0682373046875,280.789306640625
509,318.4350280761719,197.3440399169922,41.90533447265625,423.9808349609375
509,643.4700927734375,184.7364959716797,71.60205078125,392.5478515625
509,378.3973693847656,341.6820068359375,44.62957763671875,142.248046875
509,228.61317443847656,301.8211669921875,48.35771179199219,232.4625244140625
509,76.2736587524414,212.9803924560547,64.43828582763672,410.9185791015625
509,443.37994384765625,212.63858032226562,51.066650390625,330.4733581542969
509,123.12876892089844,270.34332275390625,44.601837158203125,184.61663818359375
510,468.8594665527344,180.10064697265625,51.405914306640625,550.2872924804688
510,701.4494018554688,267.8274841308594,58.956787109375,468.8824768066406
510,302.2404479980469,103.78924560546875,59.37078857421875,473.96929931640625
510,604.3974609375,399.12213134765625,76.17578125,306.0721435546875
510,114.11065673828125,62.99772644042969,57.29437255859375,501.522216796875
510,382.2561340332031,385.35406494140625,53.2706298828125,95.640869140625
510,22.39075469970703,52.978302001953125,58.79552459716797,444.72369384765625
510,543.5148315429688,128.1380615234375,51.4288330078125,660.3540649414062
510,604.772216796875,426.0833740234375,65.017822265625,93.5067138671875
510,206.66403198242188,-11.868499755859375,28.201080322265625,666.9798583984375
510,287.105224609375,105.67445373535156,37.1622314453125,446.81817626953125
510,375.31280517578125,363.6192626953125,79.4970703125,282.23309326171875
510,475.0548400878906,375.1128234863281,27.4715576171875,304.5538024902344
511,476.78704833984375,139.67674255371094,67.3074951171875,411.92431640625
511,389.8573303222656,276.9472351074219,60.70037841796875,266.2522277832031
511,109.224609375,211.29815673828125,90.243896484375,269.333251953125
511,634.2283325195312,105.22076416015625,64.5428466796875,447.9246826171875
511,267.1058044433594,164.85328674316406,60.69366455078125,308.36749267578125
511,71.57435607910156,98.51481628417969,59.85508728027344,506.3343505859375
511,317.0990295410156,86.50881958007812,49.46502685546875,567.292724609375
511,561.6177368164062,389.985107421875,45.0599365234375,67.52789306640625
511,483.1631164550781,264.3526611328125,30.984405517578125,249.84588623046875
512,480.3774108886719,233.0851593017578,50.831878662109375,400.607177734375
512,293.3013000488281,279.2917785644531,39.1226806640625,277.1834411621094
512,197.11135864257812,221.70895385742188,40.196990966796875,284.4158935546875
512,211.68991088867188,227.40577697753906,67.14056396484375,297.462890625
513,606.328369140625,274.6193542480469,33.9736328125,282.7324523925781
513,200.37167358398438,388.81146240234375,43.997222900390625,137.14422607421875
513,395.10235595703125,310.13427734375,31.64532470703125,205.107177734375
513,130.39743041992188,224.58810424804688,43.30035400390625,260.26019287109375
513,276.9403381347656,230.87353515625,44.400634765625,241.65521240234375
513,512.6284790039062,246.7960205078125,34.795166015625,241.0159912109375
513,636.4241333007812,240.9158935546875,48.5333251953125,318.09027099609375
513,450.8427734375,236.65379333496094,47.15771484375,309.437255859375
513,311.7666015625,239.83163452148438,46.69012451171875,309.7108459472656
514,37.69356918334961,294.9305725097656,50.841800689697266,224.53781127929688
514,680.0487060546875,288.9497985839844,52.1109619140625,187.5389404296875
514,307.0390625,295.9391174316406,47.5513916015625,233.03518676757812
514,103.68717193603516,300.76995849609375,54.012977600097656,197.81695556640625
514,516.8524780273438,311.14239501953125,25.50634765625,145.18646240234375
514,455.4738464355469,358.6091613769531,34.30560302734375,115.1146240234375
514,268.8228759765625,280.2248229980469,26.95147705078125,240.44717407226562
514,748.7119750976562,262.50433349609375,48.801025390625,299.72625732421875
514,609.4776611328125,356.4500427246094,46.6595458984375,136.06280517578125
515,459.07635498046875,302.2841796875,46.90435791015625,200.33197021484375
515,219.96559143066406,186.41810607910156,42.13575744628906,306.9371337890625
515,91.63447570800781,193.28900146484375,62.78997802734375,291.0943603515625
515,373.78936767578125,167.4156494140625,47.44781494140625,450.60693359375
515,703.3193359375,239.02200317382812,34.4862060546875,292.8720397949219
515,606.3565673828125,184.634521484375,27.3896484375,454.0186767578125
515,727.358642578125,166.05763244628906,54.298583984375,416.4256591796875
515,571.2896118164062,246.9907989501953,43.047119140625,356.78131103515625
515,261.5430908203125,139.97743225097656,43.880859375,466.58892822265625
515,399.94036865234375,179.1341094970703,47.5472412109375,445.9970703125
515,50.13771057128906,102.18499755859375,44.34590148925781,518.893798828125
515,312.6293029785156,334.11077880859375,43.21435546875,174.2603759765625
516,203.220947265625,299.82257080078125,54.55267333984375,215.37457275390625
516,506.64605712890625,351.1465759277344,49.327392578125,219.32595825195312
516,83.81477355957031,158.10711669921875,66.33149719238281,393.97344970703125
516,380.3447570800781,217.9476776123047,57.43792724609375,417.724365234375
516,635.5779418945312,253.57078552246094,83.976806640625,425.58697509765625
517,628.1922607421875,186.0719757080078,58.379150390625,377.446044921875
517,76.39317321777344,225.69375610351562,71.74382019042969,324.7232360839844
517,163.8892364501953,325.4412841796875,49.2186279296875,238.74578857421875
517,557.9541625976562,303.44085693359375,51.9410400390625,223.16790771484375
517,691.039794921875,302.27496337890625,45.27978515625,292.6156005859375
517,232.3404083251953,221.56292724609375,57.96205139160156,330.25286865234375
517,483.365478515625,208.94349670410156,35.16534423828125,352.72283935546875
517,416.484130859375,199.4639892578125,43.51153564453125,418.45086669921875
517,317.7338562011719,423.17626953125,76.212890625,78.0457763671875
518,85.24986267089844,263.2442321777344,56.29298400878906,200.685302734375
518,619.7080688476562,293.88909912109375,50.864501953125,224.88397216796875
518,457.287353515625,293.9772033691406,52.29388427734375,221.10031127929688
518,330.67510986328125,301.8517150878906,40.86279296875,204.3287353515625
518,399.2913818359375,369.53057861328125,39.83587646484375,143.93255615234375
518,558.2481689453125,349.8825988769531,57.162841796875,147.49969482421875
518,508.8604736328125,287.2864685058594,27.2156982421875,209.752197265625
518,680.7639770507812,287.4280700683594,41.2672119140625,229.40243530273438
519,125.7559814453125,167.27711486816406,73.37527465820312,416.26202392578125
519,628.3475952148438,210.7122344970703,75.4808349609375,405.833740234375
519,236.9497833251953,466.3773193359375,86.98692321777344,256.963134765625
519,56.804901123046875,219.3091278076172,60.50447082519531,320.3890380859375
519,452.4144592285156,261.5312805175781,59.1002197265625,399.7319030761719
519,349.81658935546875,225.55270385742188,57.87713623046875,531.00634765625
519,541.518310546875,491.385009765625,70.320068359375,245.2490234375
519,263.87677001953125,591.2911376953125,34.552490234375,102.4642333984375
520,724.8887939453125,7.665771484375,54.1241455078125,473.46893310546875
520,167.15855407714844,278.9202880859375,34.332855224609375,263.35748291015625
520,401.9366149902344,223.1238250732422,54.4287109375,274.56097412109375
520,312.6988525390625,350.3327331542969,45.63116455078125,168.37149047851562
520,769.3948974609375,29.149124145507812,34.76123046875,344.73736572265625
520,492.7759094238281,146.694091796875,50.786285400390625,426.76220703125
520,615.2054443359375,351.55316162109375,59.118408203125,54.47283935546875
520,182.6187744140625,320.7513122558594,51.981201171875,203.77755737304688
521,664.2492065429688,262.11138916015625,50.037353515625,242.08599853515625
521,474.9196472167969,340.6652526855469,42.612030029296875,202.86404418945312
521,175.29136657714844,352.7772216796875,52.610565185546875,211.22802734375
521,275.1452331542969,406.26708984375,40.16925048828125,103.78570556640625
521,337.69110107421875,292.61151123046875,36.0035400390625,307.45819091796875
521,87.96817779541016,386.52484130859375,52.311912536621094,185.83538818359375
521,401.6814270019531,359.6949157714844,43.4903564453125,187.10226440429688
521,45.406410217285156,278.32684326171875,42.68504333496094,324.0040283203125
521,557.7415771484375,403.8175964355469,62.7227783203125,65.2076416015625
521,270.852783203125,379.58355712890625,50.2467041015625,290.29248046875
522,571.5191040039062,171.85928344726562,59.4385986328125,274.29827880859375
522,132.8275909423828,195.88333129882812,58.84051513671875,265.6292724609375
522,200.71888732910156,170.36080932617188,67.86082458496094,299.1942138671875
522,299.4338073730469,182.03709411621094,45.7286376953125,283.94366455078125
522,639.59033203125,109.80699157714844,52.173828125,375.917236328125
522,416.2502746582031,98.44161987304688,71.26849365234375,369.3980712890625
523,137.98631286621094,263.6898193359375,44.13861083984375,181.469970703125
523,465.9698791503906,313.2044677734375,55.816619873046875,142.92340087890625
523,548.2239990234375,263.17401123046875,72.4383544921875,269.3009033203125
523,196.10165405273438,339.4239196777344,42.99029541015625,97.54925537109375
523,342.5455627441406,300.88275146484375,36.84600830078125,135.27252197265625
524,301.938720703125,342.6773986816406,55.59716796875,231.60397338867188
524,536.2499389648438,399.98272705078125,48.4215087890625,146.60906982421875
524,444.0696105957031,190.28746032714844,55.58807373046875,383.43927001953125
524,223.2391357421875,152.81040954589844,46.73089599609375,398.45751953125
524,636.9786376953125,280.77557373046875,40.9769287109375,260.71453857421875
524,121.66987609863281,121.37896728515625,59.225677490234375,471.23931884765625
524,129.02102661132812,288.6559753417969,30.71624755859375,265.9643859863281
525,215.81137084960938,317.3645324707031,40.517364501953125,119.3778076171875
525,524.8458251953125,313.21514892578125,32.921875,111.57061767578125
525,157.55372619628906,318.8847961425781,31.551513671875,115.13525390625
525,342.8817138671875,332.000244140625,28.02313232421875,76.1861572265625
525,53.13905334472656,329.46673583984375,37.57228088378906,89.13897705078125
525,397.4644470214844,314.4022521972656,22.923095703125,132.7242431640625
526,165.64468383789062,272.2364501953125,66.8004150390625,277.29034423828125
526,424.30621337890625,244.63661193847656,47.2266845703125,391.546875
526,63.39908218383789,85.89924621582031,78.81529235839844,434.180908203125
526,697.5130615234375,152.69554138183594,65.3974609375,491.35223388671875
526,352.8410339355469,98.37802124023438,41.3865966796875,598.499755859375
526,284.37567138671875,100.57566833496094,53.7396240234375,425.358154296875
526,604.9616088867188,423.5914611816406,61.501953125,94.37411499023438
526,513.6416625976562,155.704345703125,55.37939453125,415.3916015625
526,3.775442123413086,119.0792236328125,41.31196594238281,530.1207885742188
526,593.9974365234375,416.2035827636719,91.499267578125,212.57339477539062
527,380.0090637207031,395.3131408691406,32.5811767578125,92.58160400390625
527,503.6475830078125,310.7867126464844,35.6243896484375,230.85073852539062
527,144.9887237548828,375.59661865234375,58.863128662109375,175.597900390625
527,654.89013671875,351.740966796875,33.62353515625,85.5882568359375
527,107.05281066894531,354.88201904296875,29.185455322265625,193.7552490234375
527,311.6492919921875,384.68170166015625,37.20306396484375,104.139404296875
527,490.10906982421875,315.39910888671875,25.48516845703125,213.76544189453125
527,440.9686279296875,363.86859130859375,31.07720947265625,125.90863037109375
528,287.7934265136719,297.4923095703125,30.33203125,218.7083740234375
528,520.8110961914062,255.17041015625,53.1552734375,309.66046142578125
528,600.7003784179688,426.71063232421875,54.9954833984375,171.555419921875
528,692.7545776367188,371.87481689453125,41.0750732421875,182.27203369140625
528,416.4723815917969,285.985595703125,50.185302734375,263.7313232421875
528,356.9552917480469,245.21066284179688,28.74053955078125,308.0011291503906
528,85.506103515625,306.0003967285156,66.43721008300781,206.05453491210938
528,185.49600219726562,418.1788024902344,62.007354736328125,60.63446044921875
528,19.48154067993164,241.43397521972656,18.69168472290039,290.95745849609375
529,729.9776611328125,-9.349029541015625,58.981201171875,559.6348876953125
529,113.5191650390625,357.5223388671875,52.5433349609375,334.0054931640625
529,625.4275512695312,255.9778594970703,43.8873291015625,319.4727783203125
529,26.434282302856445,345.828857421875,50.89921569824219,273.5416259765625
529,301.4792785644531,170.06427001953125,61.3187255859375,423.8856201171875
529,449.2528381347656,49.98793029785156,60.0477294921875,463.6185302734375
529,534.55712890625,54.36187744140625,45.8929443359375,593.6436157226562
529,219.95372009277344,64.8250732421875,43.11576843261719,694.3541259765625
529,283.7667541503906,196.65472412109375,38.05755615234375,398.75439453125
529,392.3088073730469,408.2496337890625,52.966796875,62.65533447265625
529,3.809781074523926,417.01513671875,25.48980712890625,184.86663818359375
529,542.473876953125,399.1521911621094,31.71826171875,201.15567016601562
530,651.749267578125,190.46485900878906,43.33984375,272.214599609375
530,502.1434326171875,154.1405029296875,61.2222900390625,294.72650146484375
530,250.45867919921875,241.5157470703125,51.59075927734375,269.3802490234375
530,117.58076477050781,183.30162048339844,40.41796875,287.1517333984375
530,582.9021606445312,268.86590576171875,38.4644775390625,175.3033447265625
530,451.51654052734375,271.3896789550781,43.26434326171875,170.9051513671875
530,392.9027404785156,186.77085876464844,28.4869384765625,339.0753173828125
530,173.1956024169922,213.60186767578125,60.7861328125,240.78619384765625
530,332.0387268066406,163.8244171142578,42.222900390625,296.06719970703125
530,93.6571044921875,187.7541961669922,42.29463195800781,282.1590576171875
531,339.08074951171875,265.73785400390625,37.8902587890625,197.17254638671875
531,506.4867858886719,230.68521118164062,41.689971923828125,296.2796325683594
531,580.40966796875,263.2992248535156,38.17578125,224.960693359375
531,284.0639343261719,298.56439208984375,41.0714111328125,210.04541015625
531,189.99546813964844,357.52459716796875,50.187286376953125,177.35308837890625
531,644.1007690429688,297.80694580078125,48.086181640625,138.10626220703125
531,94.89785766601562,323.0299987792969,55.66358947753906,168.38763427734375
531,31.456707000732422,294.1175842285156,38.234622955322266,237.42239379882812
531,459.5970764160156,278.53631591796875,28.90399169921875,187.23065185546875
532,542.2185668945312,235.5313262939453,54.6243896484375,372.9915771484375
532,198.16822814941406,232.31085205078125,59.30195617675781,336.32745361328125
532,441.8609924316406,261.4909973144531,58.8043212890625,270.0190124511719
532,429.60040283203125,191.27166748046875,25.95733642578125,363.9930419921875
532,248.10511779785156,290.8672790527344,33.72438049316406,253.05960083007812
533,637.2044067382812,267.1900634765625,56.0811767578125,292.195068359375
533,340.8992004394531,290.0330505371094,40.49755859375,190.4310302734375
533,147.74588012695312,287.23175048828125,60.521148681640625,191.02496337890625
533,391.83929443359375,236.26087951660156,43.3525390625,262.539794921875
533,273.3730773925781,288.9996643066406,33.5755615234375,149.40850830078125
533,82.05235290527344,213.63343811035156,40.5006103515625,196.0259246826172
533,446.64019775390625,232.1621856689453,39.6812744140625,303.27398681640625
533,59.793296813964844,213.15614318847656,40.850189208984375,199.4078826904297
533,217.79248046875,232.6725311279297,50.8370361328125,215.2718048095703
533,513.3583374023438,416.2071838378906,73.8623046875,66.89788818359375
534,255.87408447265625,239.92481994628906,62.51495361328125,405.1497802734375
534,491.4062194824219,254.81756591796875,52.370819091796875,328.3682861328125
534,33.845890045166016,68.86749267578125,54.17655563354492,541.5326538085938
534,408.5495910644531,102.26602172851562,50.0865478515625,664.7298583984375
534,733.1475830078125,50.882720947265625,64.931640625,729.9229736328125
534,692.7019653320312,147.08602905273438,42.8587646484375,500.6504211425781
534,581.807373046875,386.3917541503906,72.830078125,80.79754638671875
534,276.0007629394531,493.6678466796875,32.76812744140625,87.1151123046875
534,90.78768920898438,48.435211181640625,40.825439453125,664.4677734375
534,97.59840393066406,350.68597412109375,28.070953369140625,238.34735107421875
535,442.9294128417969,294.9901123046875,44.9232177734375,266.5111083984375
535,92.69760131835938,181.1595458984375,39.83140563964844,438.9227294921875
535,147.5226287841797,306.4561767578125,40.978240966796875,242.3843994140625
535,305.3802795410156,189.99600219726562,41.2490234375,489.7322692871094
535,196.32534790039062,407.3065185546875,44.63250732421875,158.09423828125
535,528.7144775390625,300.83270263671875,59.9591064453125,224.785400390625
535,237.24082946777344,291.1591796875,57.44218444824219,282.877197265625
535,360.1463623046875,393.93621826171875,56.06072998046875,232.7713623046875
536,273.3937072753906,341.1777038574219,48.4127197265625,205.47512817382812
536,444.72613525390625,241.00509643554688,39.073486328125,375.1506652832031
536,533.9404907226562,219.6566162109375,54.2098388671875,342.42913818359375
536,580.2760620117188,218.29226684570312,45.3045654296875,367.0553894042969
536,699.9066772460938,219.01531982421875,46.2545166015625,352.0040283203125
536,72.81826782226562,223.1053466796875,49.35307312011719,393.5859375
536,646.6236572265625,346.53875732421875,41.410888671875,211.91455078125
536,21.829853057861328,175.42251586914062,41.9774169921875,514.188720703125
536,188.87867736816406,212.8374786376953,55.44439697265625,418.41314697265625
536,165.78269958496094,276.21795654296875,34.164276123046875,245.2603759765625
536,353.85565185546875,183.0140380859375,38.87091064453125,479.2149658203125
536,720.2957153320312,201.17909240722656,65.9403076171875,396.20147705078125
536,389.1213073730469,200.5601348876953,47.16802978515625,434.3514404296875
537,354.90118408203125,211.53369140625,25.2183837890625,82.1358642578125
537,326.05792236328125,92.94115447998047,83.49560546875,224.38946533203125
538,325.28997802734375,345.5444030761719,35.13861083984375,92.484375
538,568.1863403320312,363.14825439453125,48.2646484375,105.37725830078125
538,178.45916748046875,336.5337219238281,27.870574951171875,86.16204833984375
538,479.205078125,364.15191650390625,50.3934326171875,121.89263916015625
538,712.734375,387.293212890625,30.0435791015625,97.655029296875
538,122.03412628173828,327.5459899902344,30.93915557861328,121.06787109375
538,240.17855834960938,347.15643310546875,41.57171630859375,83.70440673828125
539,184.360595703125,309.9377136230469,52.987091064453125,197.2186279296875
539,556.5980834960938,228.36001586914062,52.794921875,257.6212158203125
539,116.58575439453125,206.5682830810547,60.348236083984375,253.67396545410156
539,672.305419921875,150.4801788330078,55.6905517578125,319.14642333984375
539,424.583984375,255.26852416992188,44.4093017578125,234.197509765625
539,33.66010284423828,118.9642333984375,51.6368408203125,512.6107788085938
539,490.97314453125,170.61190795898438,55.2340087890625,456.4667053222656
539,274.66546630859375,139.95323181152344,78.7572021484375,507.393798828125
539,285.2341613769531,163.7884063720703,36.915283203125,297.14697265625
539,328.5580749511719,70.57354736328125,52.7464599609375,595.9050903320312
539,682.6519165039062,52.99395751953125,63.9385986328125,841.2110595703125
540,152.25450134277344,347.2496337890625,41.7711181640625,340.3909912109375
540,723.6563110351562,14.281219482421875,58.9139404296875,697.7476806640625
540,610.4847412109375,338.65625,34.6251220703125,462.02783203125
540,223.75914001464844,81.56893920898438,46.55940246582031,598.8885498046875
540,337.9571228027344,510.93157958984375,99.02252197265625,96.689208984375
540,450.2782287597656,78.00009155273438,49.866943359375,410.85430908203125
540,13.576072692871094,77.89138793945312,68.2127456665039,542.769287109375
540,724.9671630859375,298.5054626464844,35.04736328125,328.9366760253906
540,485.7645568847656,30.46855926513672,41.193634033203125,216.19802856445312
542,431.249267578125,304.5828857421875,41.5584716796875,153.91082763671875
542,281.3386535644531,249.28524780273438,39.5635986328125,177.61016845703125
542,339.6761474609375,200.5221710205078,44.3072509765625,264.923583984375
542,154.72019958496094,282.32611083984375,47.84814453125,151.5748291015625
542,504.24859619140625,229.5870361328125,47.064453125,240.2149658203125
542,721.074951171875,228.75608825683594,30.6326904296875,267.1461181640625
542,657.3986206054688,257.39471435546875,39.5299072265625,168.70166015625
542,232.3959503173828,289.9251708984375,25.374557495117188,138.6456298828125
542,70.19368743896484,218.6932373046875,29.319381713867188,239.72796630859375
542,555.1005249023438,228.6089324951172,24.3043212890625,195.36610412597656
543,308.5807800292969,2.927093505859375,117.27447509765625,570.5123291015625
544,398.4539489746094,293.1676940917969,47.37127685546875,148.43621826171875
544,521.005126953125,283.8894958496094,50.3360595703125,181.8675537109375
544,645.66552734375,279.09429931640625,34.6650390625,170.1873779296875
544,263.2595520019531,350.32818603515625,50.94940185546875,133.59893798828125
544,218.8602752685547,364.7435302734375,29.75335693359375,106.63482666015625
544,146.90982055664062,318.6059875488281,45.83074951171875,175.85894775390625
545,363.9352722167969,219.24729919433594,49.54852294921875,444.2025146484375
545,258.8641357421875,394.51165771484375,70.83966064453125,235.2999267578125
545,705.2406005859375,266.10552978515625,59.1131591796875,381.97454833984375
545,25.965818405151367,61.23095703125,36.884429931640625,666.0848388671875
545,553.28564453125,359.441650390625,78.9296875,439.9708251953125
545,570.5682983398438,381.93878173828125,36.540283203125,84.1015625
545,152.91111755371094,91.2828369140625,50.95660400390625,538.1845703125
545,441.7655944824219,136.15966796875,36.61956787109375,681.6552734375
545,576.8610229492188,671.5394897460938,39.554931640625,67.23681640625
545,748.2260131835938,306.656982421875,41.235107421875,333.33599853515625
545,113.34765625,106.7767333984375,70.40383911132812,427.955322265625
545,127.32926940917969,114.06346893310547,35.0252685546875,245.30325317382812
545,30.609256744384766,395.98101806640625,28.961822509765625,243.299560546875
546,497.67254638671875,225.09347534179688,71.0965576171875,301.9822082519531
546,323.7121276855469,207.08419799804688,52.840087890625,318.3341369628906
546,131.52713012695312,240.53057861328125,48.451934814453125,274.756103515625
546,414.9222412109375,320.8459777832031,69.9444580078125,257.4720153808594
546,188.89373779296875,235.6168212890625,39.440765380859375,271.20684814453125
547,298.0360107421875,433.57781982421875,54.67413330078125,212.0972900390625
547,624.110595703125,325.44183349609375,63.503662109375,313.93609619140625
547,193.73855590820312,236.8445281982422,56.0057373046875,367.3253173828125
547,397.01739501953125,271.90203857421875,51.68072509765625,344.06793212890625
547,514.3140258789062,359.9111328125,53.7000732421875,277.45556640625
548,129.56153869628906,131.17791748046875,92.2642822265625,564.6625366210938
548,59.12845230102539,87.52410888671875,42.70408248901367,587.5478515625
548,436.2032470703125,82.33758544921875,99.8267822265625,606.4878540039062
548,721.5528564453125,106.04501342773438,41.6065673828125,699.6241455078125
548,560.872802734375,457.7706298828125,89.05224609375,100.649658203125
548,449.8493957519531,96.93086242675781,32.21295166015625,311.1383056640625
548,284.0594787597656,456.36627197265625,99.11175537109375,151.87841796875
548,479.71990966796875,335.83587646484375,32.73388671875,304.04327392578125
548,577.4112548828125,435.8211669921875,91.3563232421875,267.55859375
549,527.1759033203125,320.225830078125,51.7982177734375,150.5826416015625
549,428.8528137207031,276.5445556640625,43.09356689453125,123.7967529296875
549,254.37599182128906,306.0387878417969,54.69447326660156,131.898193359375
549,135.0843048095703,289.1847839355469,44.927398681640625,126.87493896484375
549,634.7303466796875,253.37799072265625,54.5189208984375,199.85076904296875
549,66.74217224121094,215.02212524414062,43.452484130859375,190.93768310546875
549,366.34552001953125,196.73028564453125,28.797119140625,190.2841796875
549,689.898681640625,714.9448852539062,69.5059814453125,68.1064453125
550,709.5872802734375,186.01510620117188,53.0130615234375,228.2139892578125
550,632.5194091796875,233.13726806640625,60.911376953125,165.40814208984375
550,154.11009216308594,315.6525573730469,39.9478759765625,141.7198486328125
550,301.0441589355469,237.84716796875,67.67864990234375,150.374755859375
550,450.18133544921875,179.64938354492188,45.64874267578125,187.55657958984375
550,390.7076416015625,253.40594482421875,38.1990966796875,137.6517333984375
550,60.94774627685547,227.1480712890625,37.469207763671875,253.801513671875
550,561.1602783203125,106.61878967285156,53.3226318359375,357.53594970703125
550,515.9771728515625,141.9413604736328,45.1356201171875,288.807373046875
550,230.61978149414062,215.22494506835938,50.064605712890625,234.9881591796875
551,91.27507019042969,240.8931427001953,56.862152099609375,331.08349609375
551,165.78814697265625,241.93162536621094,55.4627685546875,332.76171875
551,449.3097229003906,301.80999755859375,58.498779296875,181.09515380859375
551,609.5272216796875,238.46945190429688,52.1405029296875,248.89227294921875
551,670.6207275390625,219.3770751953125,38.9852294921875,309.187255859375
551,402.32281494140625,297.6703796386719,51.15594482421875,238.84304809570312
551,287.9764404296875,312.02178955078125,61.6431884765625,348.02960205078125
552,719.78125,-47.917083740234375,56.8115234375,766.503173828125
552,630.8182373046875,246.53125,52.5283203125,414.4852294921875
552,456.63421630859375,331.1884765625,33.99658203125,398.0399169921875
552,52.165443420410156,403.63525390625,38.74420166015625,156.68780517578125
552,14.877962112426758,54.430419921875,52.680564880371094,574.9353637695312
552,557.71630859375,46.561309814453125,49.2120361328125,551.6815185546875
552,177.31739807128906,374.7796630859375,60.3624267578125,78.4986572265625
552,338.00604248046875,172.29037475585938,62.26947021484375,454.6798400878906
552,170.8104248046875,189.40048217773438,67.56170654296875,553.5955810546875
552,727.5625,271.20611572265625,35.2783203125,342.77032470703125
552,189.48455810546875,548.4462280273438,33.898284912109375,113.541259765625
553,400.92388916015625,310.55609130859375,49.94976806640625,165.86407470703125
553,107.12689208984375,299.09124755859375,54.03118896484375,213.07806396484375
553,473.39398193359375,365.4468994140625,42.82275390625,102.9188232421875
553,350.4853515625,339.37408447265625,33.75103759765625,122.213134765625
553,517.4395751953125,287.90155029296875,46.8212890625,172.361328125
553,226.03915405273438,326.604736328125,41.76593017578125,143.83984375
553,258.9112243652344,290.1497802734375,54.0897216796875,243.97308349609375
554,142.37643432617188,307.6213684082031,54.44293212890625,345.9609069824219
554,512.8807373046875,69.61991882324219,47.6942138671875,489.72760009765625
554,598.6315307617188,247.37109375,50.8673095703125,245.44873046875
554,686.7473754882812,38.15977478027344,41.31787109375,410.85198974609375
554,231.5716552734375,195.07717895507812,52.29510498046875,355.3575134277344
554,368.24188232421875,378.1194763183594,59.39239501953125,93.51580810546875
554,48.29966735839844,212.4995880126953,54.718109130859375,451.72686767578125
554,9.704336166381836,110.86306762695312,29.37236976623535,713.2020263671875
554,456.0354309082031,26.144683837890625,25.77276611328125,639.432861328125
554,-0.3638296127319336,359.4971618652344,24.571266174316406,446.4169006347656
554,299.1250305175781,30.59649658203125,40.84722900390625,765.7214965820312
554,28.64590835571289,162.57632446289062,38.666072845458984,589.2637939453125
555,560.8728637695312,251.45208740234375,65.9820556640625,165.34014892578125
555,545.0909423828125,255.42144775390625,39.526123046875,158.8682861328125
555,659.2350463867188,329.68359375,45.6846923828125,112.05621337890625
555,198.69686889648438,224.78805541992188,46.194854736328125,287.5260314941406
555,274.0951232910156,352.2208251953125,44.28826904296875,151.60418701171875
555,349.0091857910156,258.02105712890625,58.58514404296875,199.0367431640625
555,472.50567626953125,305.0294494628906,37.251953125,155.98779296875
555,68.19087982177734,368.0361633300781,55.718414306640625,194.56393432617188
555,711.1141357421875,261.61163330078125,48.489013671875,186.968017578125
555,398.2746276855469,187.9518280029297,47.51214599609375,342.5111083984375
556,25.202964782714844,254.73130798339844,74.23490142822266,281.22076416015625
556,470.0517272949219,316.60040283203125,44.362945556640625,163.85052490234375
556,266.8956298828125,276.2767333984375,46.98992919921875,251.50799560546875
556,617.1451416015625,300.99725341796875,52.4449462890625,142.87994384765625
556,164.3668975830078,244.4011688232422,60.675628662109375,273.7498779296875
556,562.2216796875,186.3649444580078,39.73486328125,311.67218017578125
556,392.85064697265625,275.4468994140625,70.07806396484375,250.9388427734375
556,216.90591430664062,224.59829711914062,25.64569091796875,328.7620544433594
556,317.1998596191406,225.17364501953125,32.296630859375,339.5244140625
556,691.1940307617188,130.4684295654297,57.135498046875,396.2115478515625
556,678.8634033203125,199.93557739257812,39.7098388671875,251.46875
556,361.45526123046875,237.79542541503906,35.37359619140625,303.3690185546875
557,475.43597412109375,145.6583709716797,46.071044921875,423.53997802734375
557,380.9920959472656,282.11895751953125,55.51220703125,293.01678466796875
557,136.3446807861328,188.87059020996094,54.643463134765625,360.57489013671875
557,93.13038635253906,257.6572265625,27.498779296875,284.64398193359375
557,270.75006103515625,246.1545867919922,54.3824462890625,306.0145263671875
557,189.9084930419922,424.2824401855469,45.7509765625,63.398193359375
558,161.90997314453125,400.2652587890625,38.24786376953125,93.6441650390625
558,375.21026611328125,392.5801086425781,56.72625732421875,103.0120849609375
558,83.23572540283203,390.0008544921875,34.23004150390625,117.5274658203125
558,616.7391357421875,380.65423583984375,62.1910400390625,264.36083984375
559,636.3126220703125,162.07415771484375,38.570068359375,408.09307861328125
559,411.7716064453125,254.84539794921875,48.19036865234375,251.51318359375
559,102.31632232666016,182.07614135742188,55.714195251464844,349.7872619628906
559,529.533935546875,300.8824157714844,61.25244140625,281.3412170410156
559,481.5523986816406,191.17529296875,26.30072021484375,435.90313720703125
559,204.73265075683594,301.75396728515625,37.23773193359375,240.6322021484375
559,70.63067626953125,367.0263366699219,51.09678649902344,121.7308349609375
559,271.516845703125,176.96148681640625,39.8544921875,440.602783203125
559,130.21572875976562,366.63323974609375,43.0361328125,121.141845703125
560,213.20835876464844,303.019775390625,48.03755187988281,262.42156982421875
560,535.9055786132812,184.21104431152344,40.909912109375,259.8089599609375
560,406.42462158203125,249.0789794921875,55.018798828125,250.493896484375
560,328.5360107421875,172.50552368164062,48.912841796875,354.8255310058594
560,125.10152435302734,224.71665954589844,55.836524963378906,346.158935546875
560,668.9334106445312,104.62162780761719,49.08935546875,431.844970703125
560,502.6983337402344,169.1452178955078,53.208221435546875,343.40673828125
561,99.562744140625,234.73939514160156,28.827224731445312,138.3441619873047
561,349.07122802734375,251.03138732910156,30.283203125,84.60224914550781
561,259.0700378417969,239.40992736816406,64.90093994140625,132.03941345214844
562,672.4910888671875,259.0849609375,49.7147216796875,226.08740234375
562,579.7083129882812,302.4656677246094,69.714599609375,236.72195434570312
562,469.3764953613281,297.5596923828125,79.99954223632812,202.70635986328125
562,164.26812744140625,347.7630920410156,52.4425048828125,143.7884521484375
562,248.41421508789062,284.22882080078125,54.8809814453125,210.09039306640625
562,35.85779571533203,256.3607482910156,91.27294921875,251.8193359375
563,314.9180603027344,304.318359375,49.70330810546875,186.15850830078125
563,592.60546875,228.42176818847656,55.0986328125,278.83740234375
563,399.6410827636719,210.72625732421875,48.24127197265625,204.26739501953125
563,156.79647827148438,263.20758056640625,55.398162841796875,289.5595703125
563,668.7083129882812,166.816650390625,69.3436279296875,231.41949462890625
563,224.36590576171875,253.55052185058594,58.169219970703125,220.71791076660156
563,20.94562339782715,212.52316284179688,45.69081115722656,516.7242431640625
563,521.3092041015625,115.37582397460938,42.0098876953125,509.8946838378906
564,464.982177734375,303.030029296875,74.0474853515625,216.069091796875
564,160.61526489257812,322.5047607421875,68.0198974609375,189.20635986328125
564,117.94624328613281,225.4627227783203,62.919342041015625,382.14691162109375
564,300.8548583984375,246.0938720703125,72.47821044921875,227.99200439453125
564,575.6619262695312,267.5069580078125,122.629150390625,197.85675048828125
564,367.0466003417969,175.55258178710938,62.68408203125,337.2981262207031
564,241.29354858398438,389.31982421875,52.903564453125,94.15863037109375
565,582.2208862304688,223.34518432617188,50.7506103515625,195.97088623046875
565,370.0585632324219,287.8048400878906,43.220947265625,166.55694580078125
565,132.8104705810547,231.03741455078125,46.85369873046875,219.460693359375
565,630.3975830078125,149.66561889648438,55.297607421875,413.4873352050781
565,87.82954406738281,195.88525390625,48.151519775390625,331.30450439453125
565,477.1825256347656,234.3359375,82.60952758789062,163.47882080078125
565,433.9380798339844,218.10726928710938,35.453857421875,246.27655029296875
565,230.8410186767578,259.2043762207031,114.41435241699219,319.1830749511719
565,309.6450500488281,149.87274169921875,34.502685546875,450.94354248046875
565,204.9175262451172,278.92645263671875,52.40797424316406,191.2198486328125
566,538.2123413085938,340.9782409667969,71.61962890625,188.17037963867188
566,161.97262573242188,298.5229797363281,70.08535766601562,280.2710876464844
566,468.9127502441406,413.2309265136719,50.077911376953125,127.75546264648438
566,336.839111328125,344.6029052734375,43.29315185546875,197.9578857421875
566,256.9316101074219,426.94189453125,53.8466796875,132.02490234375
566,396.30517578125,329.5693664550781,42.70550537109375,263.0223083496094
566,85.90391540527344,331.6942138671875,51.80787658691406,252.23822021484375
566,687.1940307617188,308.96588134765625,37.5723876953125,191.4964599609375
567,546.3339233398438,244.91505432128906,32.20166015625,313.91058349609375
567,194.70703125,424.0564270019531,57.247711181640625,151.18374633789062
567,469.69610595703125,391.2877197265625,47.091552734375,183.80120849609375
567,413.2635192871094,315.39349365234375,28.478515625,328.815185546875
567,680.6587524414062,320.41595458984375,25.0113525390625,217.39434814453125
567,294.77569580078125,272.3306579589844,62.9376220703125,258.8841857910156
567,105.23826599121094,337.5986633300781,34.05409240722656,243.06234741210938
567,728.7027587890625,373.3560791015625,55.4053955078125,465.4033203125
568,377.2503662109375,265.488525390625,40.40643310546875,307.1915283203125
568,540.728759765625,295.67877197265625,52.6636962890625,217.908203125
568,220.2889404296875,341.279296875,52.09844970703125,205.09942626953125
568,76.34890747070312,301.7789306640625,53.13533020019531,253.70245361328125
568,124.57672119140625,432.305908203125,37.929473876953125,95.53485107421875
568,304.4339294433594,226.45191955566406,50.51141357421875,420.0592041015625
568,611.083251953125,235.0578155517578,33.7249755859375,366.72259521484375
569,194.51048278808594,321.33538818359375,66.99482727050781,278.52685546875
569,690.4553833007812,313.00537109375,69.7459716796875,481.4022216796875
569,433.3068542480469,256.0291748046875,49.1466064453125,387.05279541015625
569,55.387813568115234,114.76681518554688,82.4698486328125,484.5792541503906
569,364.0239562988281,242.43885803222656,43.234130859375,392.00177001953125
569,555.2894897460938,306.09625244140625,80.46728515625,448.3089599609375
569,579.0469360351562,585.4545288085938,28.969970703125,109.25732421875
569,569.0596923828125,579.861328125,56.4788818359375,237.729736328125
570,620.966552734375,321.32269287109375,41.758544921875,157.31787109375
570,121.88442993164062,314.3840026855469,56.0911865234375,207.08047485351562
570,461.5765686035156,330.69677734375,36.36395263671875,143.4100341796875
570,362.34356689453125,370.4107360839844,34.17547607421875,104.0504150390625
570,248.056884765625,389.6204528808594,55.89984130859375,80.82513427734375
570,555.614990234375,379.25604248046875,28.58935546875,99.46673583984375
571,151.26434326171875,420.0953063964844,67.65316772460938,208.57382202148438
571,707.677490234375,178.0965576171875,80.6820068359375,336.9451904296875
571,388.8512878417969,348.62823486328125,65.01824951171875,213.74322509765625
571,489.3321533203125,211.13230895996094,54.1627197265625,371.7547607421875
571,269.1225891113281,295.78680419921875,73.147705078125,339.7354736328125
571,35.63945007324219,325.20159912109375,66.83888244628906,303.6551513671875
571,590.8032836914062,360.09136962890625,85.177001953125,81.3123779296875
572,160.0725860595703,352.58416748046875,58.18389892578125,291.0889892578125
572,492.614501953125,176.78958129882812,70.580078125,383.6974792480469
572,314.79376220703125,213.55690002441406,80.66162109375,386.39825439453125
572,629.006103515625,257.740234375,48.8487548828125,408.09295654296875
572,25.496139526367188,192.05935668945312,32.19427490234375,396.7292175292969
572,346.9010009765625,376.1971435546875,56.300537109375,194.1119384765625
572,255.25997924804688,161.63616943359375,47.585205078125,518.573486328125
572,427.13323974609375,418.329345703125,53.32000732421875,78.58489990234375
572,727.487548828125,23.839645385742188,50.4400634765625,486.6414794921875
572,549.1146850585938,32.64202880859375,52.186767578125,755.142333984375
572,76.403076171875,360.3345642089844,43.654754638671875,173.51278686523438
572,82.2598648071289,221.31369018554688,70.02318572998047,345.6340637207031
573,377.4439392089844,283.38568115234375,35.24481201171875,248.44268798828125
573,491.4220275878906,192.0837860107422,54.454437255859375,347.7171630859375
573,599.0245361328125,173.8004150390625,62.1531982421875,336.74761962890625
573,259.8211669921875,163.4727783203125,45.489013671875,309.260498046875
573,534.6646118164062,367.08856201171875,55.2720947265625,169.4896240234375
573,148.69668579101562,173.45664978027344,67.86953735351562,374.9405517578125
573,435.92938232421875,113.102294921875,49.81036376953125,551.3629760742188
573,267.6610107421875,111.35528564453125,64.27862548828125,576.8496704101562
573,95.71549987792969,89.42214965820312,61.109130859375,550.154541015625
573,637.2200927734375,73.38821411132812,59.5008544921875,633.376220703125
573,315.603271484375,105.79177856445312,27.48272705078125,583.8564453125
574,471.0143127441406,180.32217407226562,51.285430908203125,284.10260009765625
574,599.505615234375,147.65921020507812,43.068359375,304.84625244140625
574,320.9861755371094,162.72239685058594,57.5126953125,368.44879150390625
574,262.93914794921875,248.8416748046875,40.71978759765625,274.78863525390625
574,114.57156372070312,151.8097381591797,87.154296875,421.29833984375
574,400.83111572265625,266.0303649902344,58.85791015625,194.3699951171875
574,517.9200439453125,333.7872619628906,70.5560302734375,81.746337890625
575,545.957763671875,244.9158935546875,38.2181396484375,264.91766357421875
575,209.4682159423828,248.20555114746094,50.46003723144531,274.33599853515625
575,265.22540283203125,223.90240478515625,46.73248291015625,275.62420654296875
575,134.55128479003906,305.745849609375,46.163330078125,195.35272216796875
575,679.1774291992188,258.9095458984375,57.375244140625,233.815185546875
575,330.7065124511719,327.28466796875,46.54412841796875,194.770751953125
575,392.751953125,249.33306884765625,35.4002685546875,273.36175537109375
575,637.0289306640625,298.63909912109375,50.5245361328125,200.6585693359375
575,591.4854736328125,261.9694519042969,41.5181884765625,305.9859924316406
575,58.20512008666992,137.61212158203125,50.86110305786133,340.89129638671875
575,449.0335998535156,291.61865234375,24.5777587890625,273.16961669921875
575,483.2283630371094,372.8331298828125,41.999908447265625,157.31866455078125
576,58.221954345703125,146.20989990234375,36.879547119140625,627.4135131835938
576,113.94023132324219,198.42437744140625,56.248321533203125,485.10577392578125
576,189.2922821044922,273.56268310546875,48.80694580078125,360.68560791015625
576,253.8766632080078,165.29466247558594,40.99040222167969,463.71405029296875
576,-5.683706283569336,68.9630126953125,37.11226272583008,772.82861328125
576,615.6749267578125,275.9462585449219,65.33544921875,371.4595031738281
576,526.1525268554688,-11.693206787109375,43.873046875,776.934814453125
576,636.1361694335938,440.25396728515625,21.8997802734375,165.10791015625
576,459.27813720703125,119.39976501464844,29.64080810546875,496.44744873046875
576,613.3580322265625,312.9769287109375,68.040771484375,85.49786376953125
576,323.1919860839844,60.1317138671875,44.537353515625,717.5767822265625
576,389.5087890625,413.9262390136719,40.15484619140625,83.4903564453125
577,362.2536315917969,303.8293151855469,51.09063720703125,229.14675903320312
577,291.471435546875,250.85623168945312,50.34027099609375,271.2808532714844
577,729.113525390625,122.11123657226562,50.86376953125,312.2315673828125
577,439.3591003417969,199.64935302734375,59.89459228515625,261.36419677734375
577,699.3739013671875,136.14218139648438,51.3671875,329.59930419921875
577,139.34658813476562,290.421142578125,37.320831298828125,259.46295166015625
577,523.029296875,125.58929443359375,43.823486328125,545.7354736328125
577,36.09690856933594,230.61529541015625,44.61991882324219,354.91400146484375
577,228.3600311279297,146.55352783203125,31.362197875976562,529.6111450195312
578,504.9108581542969,295.2498474121094,67.53402709960938,213.87030029296875
578,361.4312438964844,315.837646484375,47.5758056640625,194.5574951171875
578,453.21868896484375,374.6485290527344,39.58343505859375,108.6517333984375
578,277.59539794921875,391.1608581542969,45.807861328125,126.33181762695312
578,192.2099151611328,313.8866271972656,33.125396728515625,178.2589111328125
579,586.3817138671875,259.017578125,59.688720703125,309.46075439453125
579,140.35862731933594,196.32911682128906,53.581695556640625,365.47406005859375
579,675.9908447265625,250.6070098876953,34.3133544921875,386.9757080078125
579,49.517921447753906,154.16781616210938,58.68988037109375,457.1816711425781
579,431.53662109375,262.3878479003906,44.71844482421875,328.0535583496094
579,235.4187469482422,466.33251953125,50.07936096191406,102.8726806640625
579,341.02294921875,246.0014190673828,51.5303955078125,422.64495849609375
579,157.27285766601562,378.5592346191406,29.12701416015625,149.01651000976562
579,64.13087463378906,396.28155517578125,30.547866821289062,158.267578125
580,605.3603515625,198.7262420654297,48.30029296875,277.18695068359375
580,194.941650390625,209.69842529296875,37.79949951171875,276.1063232421875
580,286.5066833496094,278.54541015625,70.13714599609375,302.80438232421875
580,400.0045471191406,182.46682739257812,28.96099853515625,337.7447204589844
580,469.242919921875,188.67115783691406,33.38043212890625,281.01361083984375
580,646.01123046875,188.10232543945312,46.6297607421875,317.13958740234375
580,45.37238311767578,385.6612854003906,63.89422607421875,130.49972534179688
580,147.0831756591797,245.39871215820312,40.073333740234375,217.03033447265625
580,501.34454345703125,321.2685546875,67.8306884765625,91.09234619140625
580,319.61090087890625,479.17315673828125,25.24322509765625,64.8038330078125
581,119.5739974975586,250.3404998779297,49.64942169189453,185.2338409423828
581,442.4252624511719,287.2283630371094,33.6634521484375,101.3623046875
581,285.7364807128906,264.8846435546875,48.605224609375,166.4542236328125
582,80.540771484375,163.74668884277344,71.5802001953125,394.63934326171875
582,172.6268768310547,290.2535705566406,46.946563720703125,287.6248474121094
582,540.1422729492188,368.69384765625,61.291748046875,265.494873046875
582,467.86669921875,253.5547332763672,54.3232421875,383.97210693359375
582,418.1372985839844,194.60130310058594,27.493408203125,488.5059814453125
582,629.8317260742188,226.72100830078125,51.44580078125,411.2705078125
582,244.96961975097656,219.0754852294922,63.94505310058594,384.04754638671875
582,706.6890258789062,194.38125610351562,37.615966796875,483.1517028808594
582,333.3138427734375,413.00146484375,65.41021728515625,97.21539306640625
583,528.8088989257812,193.31826782226562,44.77978515625,319.2531433105469
583,249.03976440429688,337.8607177734375,69.67254638671875,271.9285888671875
583,357.3300476074219,340.39410400390625,29.00042724609375,232.947998046875
583,312.107177734375,307.5172119140625,42.953857421875,248.36407470703125
583,176.1991729736328,249.7677764892578,47.80230712890625,333.7823486328125
584,162.4851837158203,158.71304321289062,77.28451538085938,305.822998046875
584,593.1497802734375,185.27981567382812,60.1915283203125,251.395751953125
584,265.6559143066406,270.7405700683594,67.28692626953125,181.76837158203125
584,442.04156494140625,175.51275634765625,69.99139404296875,295.62554931640625
584,370.8774108886719,121.1427001953125,62.78680419921875,422.87347412109375
584,682.1254272460938,81.62823486328125,42.306640625,469.68048095703125
584,68.35379028320312,305.8335876464844,65.58517456054688,87.90087890625
584,512.4583740234375,339.18792724609375,59.483154296875,80.06842041015625
585,134.7891387939453,241.8148193359375,48.034912109375,238.7850341796875
585,260.5970764160156,246.6449432373047,49.01837158203125,224.15992736816406
585,438.4199523925781,279.0967102050781,44.47235107421875,206.5277099609375
585,624.381591796875,266.85968017578125,33.055419921875,202.76141357421875
585,679.695068359375,262.73211669921875,37.4915771484375,241.2373046875
585,88.36431121826172,269.26947021484375,57.98377227783203,217.94219970703125
585,314.4615783691406,261.6612854003906,48.29644775390625,226.32208251953125
585,372.2888488769531,335.61083984375,53.16204833984375,149.39080810546875
585,496.2556457519531,292.7128601074219,47.582244873046875,152.16253662109375
586,571.0383911132812,312.651611328125,31.0855712890625,113.48114013671875
586,155.70968627929688,318.8897705078125,69.58053588867188,114.43048095703125
586,610.78271484375,319.13262939453125,26.1234130859375,117.55841064453125
586,60.13470458984375,330.8065185546875,66.15086364746094,128.50335693359375
586,298.0447082519531,329.9126892089844,43.85491943359375,77.8951416015625
587,294.6589660644531,212.4470672607422,52.32745361328125,284.9100341796875
587,206.68377685546875,307.28387451171875,47.6710205078125,182.49786376953125
587,518.2747192382812,276.6170654296875,50.3935546875,278.06829833984375
587,116.13494873046875,177.02127075195312,50.55731201171875,346.6604919433594
587,432.6971435546875,281.2733154296875,61.86785888671875,345.06707763671875
587,699.690185546875,272.2868957519531,30.13330078125,326.4841003417969
587,364.7097473144531,158.63232421875,44.07415771484375,493.52642822265625
587,33.04564666748047,103.00979614257812,31.87995147705078,495.1320495605469
587,446.7017822265625,288.29522705078125,34.69561767578125,173.4849853515625
588,89.05137634277344,165.90280151367188,47.608154296875,322.36865234375
588,506.3211669921875,270.6346435546875,66.781494140625,237.27569580078125
588,417.05596923828125,197.1151123046875,56.30816650390625,283.50933837890625
588,616.0233154296875,185.1080780029297,72.052734375,293.45660400390625
588,341.374755859375,192.58238220214844,41.63323974609375,281.40576171875
588,162.9115753173828,176.099853515625,33.3824462890625,288.61309814453125
588,236.6541290283203,326.26922607421875,59.36656188964844,81.5477294921875
589,203.52459716796875,342.4421691894531,62.587127685546875,303.0719909667969
589,424.2148742675781,156.74725341796875,60.6573486328125,517.8955688476562
589,595.1627807617188,151.31114196777344,87.8182373046875,420.21856689453125
589,77.14373779296875,216.8597412109375,71.58610534667969,378.33404541015625
589,499.90338134765625,465.3983154296875,75.8306884765625,216.9893798828125
589,41.04048538208008,207.98226928710938,44.8346061706543,345.8940734863281
589,304.9787292480469,160.37786865234375,64.09381103515625,626.0303955078125
589,692.9178466796875,31.105560302734375,58.0147705078125,801.275634765625
590,675.4747314453125,268.2323303222656,34.29833984375,249.83090209960938
590,278.9722900390625,272.0133361816406,37.4732666015625,226.852294921875
590,602.1521606445312,412.11871337890625,34.7855224609375,109.08282470703125
590,214.1215362548828,399.2381286621094,50.93925476074219,92.53680419921875
590,345.5364990234375,240.27850341796875,48.01824951171875,337.11328125
590,534.2623291015625,275.7485656738281,40.7657470703125,224.732666015625
590,137.26486206054688,377.3199157714844,73.50192260742188,114.62384033203125
590,413.0027160644531,371.5845642089844,52.3658447265625,148.87393188476562
590,115.75582122802734,163.32901000976562,72.1430435180664,371.9887390136719
590,486.9814147949219,287.07965087890625,29.627838134765625,209.7584228515625
590,33.795310974121094,199.52928161621094,56.073272705078125,390.8868408203125
590,45.588741302490234,365.6482849121094,30.822940826416016,199.93222045898438
591,425.0761413574219,415.28399658203125,55.23138427734375,291.452392578125
591,203.9422607421875,419.20208740234375,56.110076904296875,298.35693359375
591,331.783935546875,275.5697326660156,73.10784912109375,382.0149841308594
591,554.261474609375,233.95066833496094,52.0035400390625,413.1444091796875
591,111.02446746826172,278.2127380371094,58.371665954589844,431.4668273925781
592,290.96142578125,189.0558319091797,62.60699462890625,292.28143310546875
592,204.9786834716797,265.26129150390625,50.33648681640625,218.5677490234375
592,645.6470947265625,218.0236358642578,48.9769287109375,299.89190673828125
592,437.8847351074219,190.55435180664062,37.18572998046875,293.531982421875
592,559.2601928710938,295.94873046875,45.2882080078125,205.36566162109375
592,121.46414184570312,166.28973388671875,39.07904052734375,249.7403564453125
592,487.0182800292969,371.5079345703125,33.252105712890625,80.5296630859375
593,469.8946228027344,372.20794677734375,66.67007446289062,181.83477783203125
593,238.1618194580078,371.5869140625,72.91966247558594,174.171630859375
593,142.55462646484375,259.8218994140625,56.327301025390625,280.6376953125
593,341.4005126953125,257.3664245605469,82.20635986328125,270.6466369628906
593,576.5372314453125,226.400390625,67.1552734375,315.87274169921875
594,531.6141357421875,379.538818359375,85.620849609375,243.3634033203125
594,87.98534393310547,253.33486938476562,45.57166290283203,373.4316101074219
594,687.68115234375,296.38616943359375,43.6463623046875,327.90447998046875
594,357.5090026855469,263.8529052734375,98.11865234375,360.64056396484375
594,215.89599609375,340.26214599609375,96.21221923828125,266.03936767578125
595,549.061767578125,182.07728576660156,47.47900390625,283.04400634765625
595,463.1396789550781,250.83816528320312,53.283416748046875,265.1889343261719
595,220.8516845703125,386.07611083984375,73.2681884765625,184.7987060546875
595,368.8892822265625,178.54818725585938,52.9493408203125,419.6451721191406
595,712.9462890625,200.78257751464844,27.299072265625,221.8350372314453
595,45.244056701660156,217.15074157714844,55.96064758300781,388.30999755859375
595,131.27186584472656,299.5660705566406,50.6541748046875,231.24667358398438
595,321.8167419433594,281.879150390625,35.09033203125,244.0657958984375
595,619.3765869140625,314.5201110839844,65.4835205078125,74.75738525390625
596,415.18902587890625,298.54962158203125,39.27752685546875,207.10003662109375
596,248.21725463867188,318.48846435546875,36.8997802734375,207.03887939453125
596,535.8722534179688,264.7635498046875,63.04833984375,263.63153076171875
596,141.84576416015625,294.5565185546875,39.180084228515625,207.4635009765625
596,381.73248291015625,313.5425109863281,49.7435302734375,176.276611328125
596,199.4950408935547,358.8000183105469,37.3211669921875,136.9886474609375
597,494.16607666015625,140.69305419921875,57.2559814453125,515.1651000976562
597,160.13601684570312,297.12847900390625,67.16552734375,330.52056884765625
597,244.51988220214844,198.1869659423828,52.49662780761719,399.7745361328125
597,392.1534118652344,340.3978271484375,57.22027587890625,311.91204833984375
597,705.9996337890625,91.80718994140625,60.8927001953125,605.5677490234375
597,321.758544921875,115.19186401367188,48.91461181640625,635.196533203125
597,58.2657470703125,221.3426055908203,82.92793273925781,360.05084228515625
597,2.271078109741211,118.74990844726562,42.20734405517578,672.7054443359375
598,143.73983764648438,337.95062255859375,68.53704833984375,235.7135009765625
598,72.31695556640625,227.2659149169922,80.67610168457031,313.896728515625
598,388.4375915527344,318.6861572265625,47.75836181640625,240.9232177734375
598,589.751953125,255.0059051513672,55.94677734375,319.96746826171875
598,0.3516273498535156,189.85653686523438,44.13964080810547,459.9814758300781
598,464.0672607421875,280.1700439453125,71.40362548828125,273.648681640625
598,314.80810546875,229.4059600830078,56.28570556640625,366.506591796875
598,718.5654907226562,217.78114318847656,51.389892578125,267.68536376953125
598,235.92918395996094,278.83856201171875,77.87208557128906,282.22369384765625
599,725.410400390625,189.2458038330078,54.3519287109375,458.023193359375
599,128.04989624023438,219.9568634033203,35.41607666015625,403.46533203125
599,451.6440124511719,226.95916748046875,61.826385498046875,435.149169921875
599,370.5414123535156,365.59271240234375,45.95416259765625,266.5572509765625
599,617.3070068359375,167.10147094726562,54.4774169921875,591.753662109375
599,25.31820297241211,195.20797729492188,69.2271728515625,438.7431945800781
599,187.93475341796875,168.47097778320312,29.02093505859375,512.635986328125
599,300.1208190917969,277.5218811035156,54.774169921875,407.2885437011719
599,77.35001373291016,366.090087890625,48.717803955078125,224.17437744140625
599,516.265625,344.8712158203125,34.9259033203125,289.9930419921875
599,564.6371459960938,261.47137451171875,44.26611328125,378.53155517578125
600,571.2063598632812,126.67747497558594,38.045654296875,311.4573974609375
600,224.12060546875,256.6761474609375,48.50592041015625,209.95379638671875
600,291.04339599609375,139.91836547851562,38.587158203125,328.47052001953125
600,340.4603271484375,327.3006591796875,70.189453125,140.429443359375
600,502.98486328125,228.75762939453125,46.47998046875,238.42108154296875
600,158.5500030517578,164.0496368408203,58.373931884765625,308.931640625
600,415.18603515625,157.82106018066406,41.105712890625,286.6114501953125
601,136.95657348632812,104.24238586425781,53.565673828125,460.955322265625
601,205.48350524902344,269.83941650390625,47.8919677734375,292.422119140625
601,503.4442443847656,197.53717041015625,48.634185791015625,431.9671630859375
601,351.6728210449219,209.0943145751953,80.34954833984375,417.41436767578125
601,80.62678527832031,76.23374938964844,45.866729736328125,453.20172119140625
601,280.4035949707031,30.79034423828125,48.03411865234375,697.049072265625
601,576.5794067382812,93.99282836914062,47.566162109375,763.986083984375
601,442.2576599121094,446.98956298828125,44.1005859375,93.01885986328125
602,502.88494873046875,189.83253479003906,42.853515625,262.2017822265625
602,104.17726135253906,215.56727600097656,60.785675048828125,240.6429901123047
602,597.9652099609375,316.11285400390625,52.60205078125,149.4285888671875
602,355.8502197265625,145.21551513671875,44.7117919921875,315.6080322265625
602,278.57647705078125,143.89463806152344,46.4954833984375,405.3240966796875
602,199.60720825195312,230.2233123779297,58.20562744140625,291.26904296875
602,42.08463668823242,183.5849609375,26.517230987548828,300.73272705078125
602,546.2748413085938,181.0996856689453,46.59228515625,341.69598388671875
602,681.6729736328125,216.37295532226562,57.3858642578125,251.163330078125
602,409.9930725097656,332.66302490234375,55.970947265625,82.0931396484375
603,423.1410217285156,273.2744140625,59.3402099609375,295.047119140625
603,177.9825897216797,283.1486511230469,51.08306884765625,273.6893615722656
603,110.33891296386719,279.388671875,59.117919921875,273.1861572265625
603,586.1196899414062,258.19244384765625,49.4014892578125,269.3714599609375
603,383.48638916015625,301.81298828125,40.00714111328125,249.012939453125
604,619.5875244140625,301.03375244140625,57.0263671875,295.470947265625
604,700.61328125,194.77200317382812,60.360595703125,441.9191589355469
604,283.8795471191406,207.62728881835938,38.7510986328125,359.8224182128906
604,401.9399108886719,334.8206787109375,95.2362060546875,249.617431640625
604,345.4951171875,62.425750732421875,46.25689697265625,621.5562744140625
604,120.60008239746094,170.3813018798828,49.001678466796875,349.05987548828125
604,210.04441833496094,208.2229766845703,54.65672302246094,399.53424072265625
604,522.3018188476562,166.31919860839844,51.9764404296875,373.17987060546875
604,41.218109130859375,44.524505615234375,43.980873107910156,684.9459228515625
604,241.6710205078125,241.75172424316406,58.4317626953125,352.2325439453125
604,433.69830322265625,238.94094848632812,33.5589599609375,95.1728515625
605,450.5897216796875,297.847412109375,61.9100341796875,272.809326171875
605,47.77041244506836,290.014404296875,87.06076049804688,333.43218994140625
605,621.7347412109375,165.54708862304688,50.9022216796875,383.6399230957031
605,152.64639282226562,262.36968994140625,41.87103271484375,294.38751220703125
605,376.0934143066406,251.0930633544922,53.8446044921875,389.84515380859375
605,706.6220703125,136.46595764160156,49.0589599609375,429.6060791015625
605,245.59234619140625,324.3458557128906,68.95703125,257.3440856933594
606,388.20013427734375,238.46945190429688,69.09161376953125,411.1810607910156
606,172.65179443359375,308.4808654785156,67.77474975585938,236.67568969726562
606,641.0974731445312,214.86212158203125,49.637939453125,316.4327392578125
606,495.9586181640625,206.60357666015625,96.186279296875,367.7349853515625
606,104.56385803222656,223.4501190185547,58.2847900390625,292.44158935546875
606,268.1898498535156,224.9753875732422,38.67413330078125,305.3546142578125
606,692.1676025390625,177.1800994873047,48.921630859375,410.1197509765625
606,49.072269439697266,163.8738555908203,49.3780632019043,421.61138916015625
606,322.0328674316406,248.1655731201172,48.18365478515625,395.56585693359375
606,399.8014221191406,263.9229431152344,44.69970703125,100.96466064453125
606,407.78369140625,485.8782653808594,36.478759765625,114.95437622070312
607,126.56350708007812,237.42381286621094,56.653533935546875,292.64794921875
607,252.350341796875,126.65690612792969,64.33013916015625,412.89385986328125
607,500.7114562988281,181.11166381835938,87.81527709960938,308.55316162109375
607,52.20689392089844,192.55616760253906,50.58210754394531,442.9493408203125
607,689.6377563476562,205.2351531982422,57.0718994140625,329.11529541015625
607,434.409423828125,282.53118896484375,45.32196044921875,188.47802734375
607,341.44219970703125,149.4229736328125,46.5804443359375,444.44189453125
607,607.5872192382812,321.79205322265625,52.1549072265625,144.45166015625
608,532.937744140625,361.7349548339844,46.1513671875,152.26834106445312
608,603.9170532226562,429.6766357421875,46.4805908203125,104.32122802734375
608,675.708740234375,373.82452392578125,27.5926513671875,130.8590087890625
608,295.22076416015625,352.37603759765625,36.70574951171875,118.94677734375
608,154.31724548339844,388.8640441894531,38.428009033203125,103.564453125
608,208.61863708496094,403.64569091796875,36.25469970703125,96.5146484375
608,343.26702880859375,329.8072509765625,41.639404296875,202.8497314453125
608,422.328857421875,402.669189453125,46.7115478515625,129.8848876953125
608,80.58004760742188,319.58837890625,45.263153076171875,195.86083984375
609,557.142333984375,321.3098449707031,43.2491455078125,189.53839111328125
609,375.1314392089844,325.7906799316406,47.75360107421875,244.45504760742188
609,625.2044067382812,179.3189239501953,64.1881103515625,366.02093505859375
609,454.6610412597656,287.60577392578125,57.679718017578125,245.195556640625
609,182.84918212890625,282.75732421875,53.296875,314.35919189453125
609,30.67144775390625,231.00018310546875,55.805870056152344,287.41143798828125
609,292.22021484375,268.1195068359375,56.96734619140625,242.98193359375
610,179.8544158935547,356.9730224609375,45.34423828125,258.5076904296875
610,413.08892822265625,323.4991455078125,51.5623779296875,278.0177001953125
610,500.2740478515625,209.71047973632812,64.5535888671875,427.1972351074219
610,262.5259094238281,182.32846069335938,61.56292724609375,467.8587951660156
610,345.6158447265625,84.4210205078125,45.51708984375,687.012939453125
610,72.78764343261719,223.7386016845703,66.32966613769531,340.76751708984375
610,688.3876342773438,308.525146484375,42.29833984375,246.24432373046875
610,13.210165023803711,96.73464965820312,50.407264709472656,594.650146484375
610,510.5674743652344,391.7593994140625,33.818267822265625,211.83514404296875
611,437.9537658691406,209.2648468017578,55.38189697265625,214.85301208496094
611,654.7324829101562,204.58287048339844,50.1502685546875,211.22853088378906
611,150.47879028320312,195.74929809570312,40.273529052734375,226.654052734375
611,258.3946838378906,209.77011108398438,55.80694580078125,220.00146484375
611,364.8697814941406,281.2218933105469,56.445556640625,154.072021484375
611,309.7976379394531,207.04827880859375,40.53363037109375,248.00323486328125
611,600.130859375,210.1736602783203,39.17333984375,208.31101989746094
611,722.7166137695312,716.7247924804688,53.910888671875,78.5040283203125
611,536.1199951171875,356.234130859375,38.940185546875,57.39324951171875
612,662.1744384765625,263.3239440917969,69.2950439453125,260.6737365722656
612,129.7942657470703,246.62265014648438,61.036163330078125,198.0966796875
612,284.5589294433594,307.65435791015625,51.97882080078125,174.596435546875
612,414.8712463378906,312.34918212890625,51.42974853515625,181.2470703125
612,348.1001281738281,290.895751953125,41.72772216796875,241.34051513671875
612,58.81979751586914,239.78477478027344,57.234798431396484,267.9112548828125
612,488.75341796875,284.98052978515625,79.929443359375,285.1370849609375
612,596.944091796875,344.68695068359375,46.1474609375,170.53668212890625
612,203.70558166503906,361.2318420410156,53.99644470214844,61.43817138671875
612,99.5409927368164,235.81179809570312,26.492080688476562,222.9927978515625
613,359.01544189453125,304.948486328125,41.22802734375,90.0703125
613,470.52734375,296.68206787109375,51.83251953125,96.8902587890625
613,187.87164306640625,294.1768798828125,34.407012939453125,103.663818359375
613,302.4685974121094,277.4383850097656,47.07513427734375,158.97381591796875
613,629.3731689453125,288.068115234375,39.092041015625,93.6973876953125
613,70.43177795410156,304.8154602050781,47.782196044921875,85.7467041015625
613,665.5419921875,277.6181945800781,29.38671875,136.4617919921875
613,224.95274353027344,297.2430114746094,42.48570251464844,104.4427490234375
613,100.22242736816406,295.6788635253906,58.6806640625,101.9649658203125
614,216.9708709716797,130.552734375,66.11384582519531,463.0736083984375
614,543.6327514648438,360.48883056640625,73.26171875,319.7313232421875
614,663.4081420898438,243.05563354492188,75.8758544921875,522.76220703125
614,432.544189453125,204.57920837402344,63.54547119140625,459.052734375
614,328.19024658203125,205.36648559570312,60.5611572265625,446.0544128417969
614,29.111644744873047,160.39065551757812,38.52959060668945,428.5893249511719
614,137.94505310058594,411.2317810058594,58.1419677734375,71.75732421875
614,52.814170837402344,183.8230743408203,52.991943359375,390.9967041015625
614,132.66275024414062,400.2845153808594,77.30117797851562,205.51315307617188
615,599.4179077148438,329.214599609375,49.9061279296875,222.3614501953125
615,515.3033447265625,360.9146728515625,45.3978271484375,196.556396484375
615,246.38241577148438,282.36212158203125,48.71405029296875,220.9560546875
615,677.1112670898438,325.5920715332031,39.884033203125,260.0627136230469
615,155.791748046875,304.7650146484375,37.242401123046875,112.90008544921875
615,339.5415344238281,250.62054443359375,41.0869140625,278.822998046875
615,412.96478271484375,340.480224609375,70.97991943359375,272.7064208984375
615,10.098234176635742,340.0933532714844,59.80967712402344,56.1898193359375
616,657.0889892578125,178.41134643554688,52.0025634765625,345.9647521972656
616,503.3289489746094,285.1410827636719,45.583709716796875,269.1148986816406
616,194.27615356445312,236.57318115234375,50.79266357421875,399.188232421875
616,707.4205322265625,139.1833953857422,47.2939453125,410.9696044921875
616,446.48065185546875,260.8431091308594,53.3701171875,375.5899963378906
616,159.0130157470703,274.4468994140625,29.47540283203125,339.57171630859375
616,335.1383056640625,272.8810119628906,66.27142333984375,454.2351989746094
616,575.1155395507812,396.1202392578125,58.25927734375,79.10113525390625
616,354.904052734375,313.46484375,30.3514404296875,64.2628173828125
616,349.7175598144531,568.7254638671875,58.662841796875,199.7261962890625
617,264.9352722167969,268.4161071777344,59.37445068359375,385.0598449707031
617,600.6688232421875,304.125,69.3465576171875,266.7303466796875
617,495.4463806152344,168.59524536132812,49.232879638671875,423.4910583496094
617,722.0439453125,52.15528869628906,67.956298828125,497.46923828125
617,398.27227783203125,333.5368347167969,59.66217041015625,240.19308471679688
617,94.33234405517578,304.16021728515625,35.80071258544922,340.9552001953125
617,328.9267883300781,125.21530151367188,41.1475830078125,697.37890625
617,9.35365104675293,166.66635131835938,45.907310485839844,686.2603759765625
617,175.08798217773438,453.13739013671875,58.997650146484375,82.21282958984375
617,729.9048461914062,251.07083129882812,25.638671875,236.2786865234375
617,508.5552978515625,334.0531921386719,28.2591552734375,212.39993286132812
617,335.0257568359375,507.67974853515625,31.923583984375,237.2740478515625
618,371.20135498046875,282.2256164550781,47.87237548828125,185.41839599609375
618,505.97137451171875,129.8827362060547,56.3927001953125,294.05206298828125
618,242.8524627685547,161.625732421875,61.92338562011719,273.8411865234375
618,95.93018341064453,179.4412078857422,40.00926971435547,274.16900634765625
618,664.1389770507812,203.818603515625,54.5302734375,212.86651611328125
618,590.5346069335938,242.39169311523438,36.74951171875,164.94195556640625
618,446.74365234375,159.84861755371094,46.6123046875,268.35101318359375
618,286.1184997558594,134.08993530273438,62.412353515625,320.63385009765625
618,718.3089599609375,182.7635040283203,44.8375244140625,318.08123779296875
618,185.60366821289062,317.421630859375,43.344390869140625,62.6607666015625
618,38.78126525878906,181.73394775390625,27.581871032714844,329.1026611328125
619,173.9113006591797,184.0852813720703,90.78187561035156,188.09922790527344
619,534.9700317382812,228.0908203125,38.9495849609375,135.309326171875
619,333.8461608886719,230.41574096679688,44.73052978515625,148.7615966796875
619,590.0152587890625,241.09918212890625,97.2542724609375,227.58917236328125
619,413.9156494140625,191.68612670898438,37.419189453125,150.29791259765625
619,321.33251953125,220.24305725097656,74.3126220703125,334.94842529296875
620,259.4119567871094,223.20065307617188,52.72344970703125,227.31500244140625
620,626.9591064453125,283.935302734375,41.76953125,179.97320556640625
620,189.56260681152344,310.46942138671875,42.35186767578125,141.63214111328125
620,494.65631103515625,318.384033203125,45.9676513671875,155.68817138671875
620,549.5316772460938,364.8282775878906,58.75830078125,133.21905517578125
620,112.49095916748047,255.33901977539062,47.974952697753906,173.9056396484375
620,673.9613647460938,281.35101318359375,39.3756103515625,194.42840576171875
620,452.1348876953125,233.309326171875,38.41314697265625,292.01580810546875
620,336.990234375,387.208740234375,73.71435546875,123.4644775390625
621,119.38217163085938,276.56591796875,37.95458984375,198.29644775390625
621,625.9326171875,301.62347412109375,42.72265625,211.2633056640625
621,548.4366455078125,359.3298034667969,48.2322998046875,207.42599487304688
621,381.572265625,410.8406066894531,35.6064453125,113.28878784179688
621,447.38128662109375,292.5657043457031,26.5897216796875,239.61105346679688
621,257.51104736328125,266.97601318359375,34.93243408203125,225.68426513671875
621,317.0673522949219,264.26934814453125,27.5811767578125,255.1170654296875
621,499.3197326660156,303.6401062011719,34.983001708984375,175.22332763671875
621,43.81450653076172,237.07644653320312,43.5516357421875,259.2890625
621,678.40478515625,289.51043701171875,29.4884033203125,274.037841796875
621,189.15321350097656,402.5043640136719,41.025909423828125,66.96148681640625
622,462.9203796386719,314.5726318359375,48.91839599609375,76.9512939453125
622,174.8021240234375,230.71006774902344,25.223419189453125,200.57960510253906
622,527.8383178710938,279.8118591308594,57.20947265625,120.7132568359375
622,318.93994140625,303.36224365234375,30.7520751953125,66.73480224609375
622,386.0521545410156,268.7930603027344,56.8135986328125,120.81781005859375
622,234.93479919433594,255.58181762695312,44.65486145019531,132.352294921875
622,648.2035522460938,282.83514404296875,27.6060791015625,97.85418701171875
623,91.09174346923828,250.3607635498047,46.26671600341797,332.29559326171875
623,616.8027954101562,362.7146911621094,60.442626953125,220.39187622070312
623,539.610595703125,265.18377685546875,51.293212890625,319.8455810546875
623,700.7388916015625,219.3097381591797,49.5164794921875,307.7545166015625
623,452.9264831542969,359.9712829589844,42.99420166015625,213.54312133789062
623,37.78874969482422,298.4952392578125,28.437828063964844,247.41802978515625
623,309.1593017578125,299.8857421875,69.11480712890625,270.673095703125
623,205.21913146972656,483.840576171875,48.195587158203125,72.5264892578125
623,200.54466247558594,474.2216491699219,65.91651916503906,239.21627807617188
624,131.7308349609375,353.660400390625,80.17071533203125,235.6763916015625
624,98.31189727783203,178.57493591308594,38.673744201660156,390.98095703125
624,440.90850830078125,182.16354370117188,43.09759521484375,397.8962707519531
624,674.6831665039062,133.33657836914062,49.7491455078125,483.3184509277344
624,594.3961181640625,344.22900390625,72.152587890625,295.414794921875
624,230.7435760498047,202.9720458984375,39.69093322753906,391.4061279296875
624,539.3541259765625,189.21876525878906,43.5496826171875,481.78375244140625
624,704.69921875,132.31414794921875,55.6038818359375,554.0753784179688
624,361.42138671875,130.27606201171875,58.1600341796875,539.615478515625
624,69.74229431152344,164.36898803710938,40.8372802734375,379.5815734863281
624,482.9176330566406,277.09014892578125,35.193817138671875,305.0157470703125
624,567.5823974609375,194.41824340820312,26.6705322265625,488.5813903808594
624,726.8035888671875,400.1433410644531,34.0986328125,234.19149780273438
624,506.2629699707031,244.38963317871094,44.996612548828125,371.90460205078125
625,265.4992370605469,255.09222412109375,51.61944580078125,171.419677734375
625,354.1184387207031,145.46881103515625,41.4346923828125,223.39898681640625
625,543.8087158203125,177.88525390625,66.4891357421875,202.42596435546875
625,719.2506713867188,99.1103515625,49.4361572265625,266.51446533203125
625,468.47967529296875,271.815185546875,55.225341796875,109.3450927734375
625,179.02439880371094,183.18838500976562,46.650390625,196.28399658203125
625,599.386962890625,174.77313232421875,33.4210205078125,190.39007568359375
625,83.35319519042969,298.0690612792969,72.9560546875,194.37030029296875
625,399.8102111816406,147.4378662109375,44.7550048828125,361.1912841796875
626,124.39846801757812,369.3333740234375,55.872314453125,271.70172119140625
626,22.45868682861328,130.71871948242188,50.90984344482422,541.7073974609375
626,398.3643798828125,322.316162109375,44.11273193359375,243.6005859375
626,474.6247253417969,256.85272216796875,47.376068115234375,379.6702880859375
626,613.9954833984375,395.95263671875,53.8233642578125,86.34619140625
626,320.2946472167969,230.43336486816406,31.08978271484375,395.6470947265625
626,529.89404296875,163.56732177734375,32.1588134765625,542.493896484375
626,715.082275390625,139.40948486328125,21.8798828125,488.2760009765625
626,771.9517211914062,133.411376953125,26.6259765625,535.2742919921875
626,239.1471405029297,90.09661865234375,32.29481506347656,642.7819213867188
626,754.576416015625,120.4215087890625,36.36328125,885.5509033203125
626,26.877368927001953,409.51641845703125,25.234527587890625,185.56390380859375
626,522.7633666992188,464.3116455078125,30.3929443359375,205.0177001953125
627,217.3931884765625,220.29452514648438,57.274200439453125,193.552001953125
627,311.1050109863281,285.03662109375,40.99224853515625,130.66119384765625
627,379.4649353027344,232.79624938964844,44.880859375,176.5668487548828
627,508.028564453125,248.50494384765625,63.73388671875,136.13116455078125
628,276.8756408691406,212.73947143554688,43.7369384765625,159.93939208984375
628,159.4044647216797,219.6845703125,48.876220703125,144.121337890625
628,91.98153686523438,204.36181640625,47.40931701660156,193.54278564453125
628,592.392333984375,193.93984985351562,41.2005615234375,178.06292724609375
628,309.0588684082031,200.18850708007812,50.465576171875,169.27117919921875
628,420.81060791015625,193.76255798339844,32.753662109375,168.08839416503906
628,380.9214172363281,247.1693572998047,33.12860107421875,90.33329772949219
628,220.7794647216797,254.21884155273438,32.70635986328125,87.60345458984375
629,273.30914306640625,196.3335723876953,49.18292236328125,200.4559783935547
629,399.3990478515625,248.79644775390625,39.91790771484375,193.7236328125
629,174.10032653808594,206.12179565429688,47.51715087890625,209.23248291015625
629,481.4130554199219,238.63070678710938,39.012359619140625,207.32354736328125
629,613.1414184570312,251.5008544921875,46.017333984375,289.09564208984375
629,332.287109375,182.5353240966797,38.0970458984375,300.7169189453125
629,139.4735870361328,171.00205993652344,24.4837646484375,272.56304931640625
629,450.40557861328125,232.43637084960938,45.39227294921875,236.8258056640625
629,533.669921875,259.7529602050781,54.308349609375,236.04205322265625
630,346.7318420410156,232.62112426757812,48.4361572265625,250.34197998046875
630,266.16632080078125,352.40313720703125,58.9801025390625,104.5023193359375
630,184.0255584716797,267.1639099121094,45.434600830078125,205.746337890625
630,554.099853515625,195.37742614746094,98.248291015625,247.3183135986328
630,393.7392883300781,326.06488037109375,60.28045654296875,123.26812744140625
630,219.11460876464844,281.00592041015625,38.79240417480469,178.6922607421875
631,565.7479248046875,288.5137939453125,42.5263671875,97.43115234375
631,97.42313385009766,283.42694091796875,39.322532653808594,106.5770263671875
631,502.58612060546875,319.92218017578125,52.4359130859375,67.8699951171875
631,146.74209594726562,290.24713134765625,42.4466552734375,114.9398193359375
631,306.4525146484375,262.69281005859375,52.54559326171875,128.46783447265625
631,439.75006103515625,284.1558837890625,46.8924560546875,117.421630859375
632,179.2239990234375,256.1776123046875,67.17599487304688,148.84710693359375
632,433.1713562011719,227.5122528076172,48.21240234375,171.1743927001953
632,609.8994140625,237.80494689941406,68.9095458984375,297.25616455078125
632,75.61488342285156,184.80145263671875,70.9742431640625,178.7171630859375
632,362.6717834472656,259.6417541503906,40.63671875,146.81427001953125
632,289.52911376953125,198.79391479492188,33.440673828125,175.561279296875
633,353.9685363769531,30.408935546875,95.11767578125,949.3416137695312
634,322.8759765625,599.780029296875,114.7391357421875,137.173828125
635,380.31298828125,295.6866149902344,51.50958251953125,251.12362670898438
635,264.9239807128906,361.0914001464844,50.4366455078125,223.90853881835938
635,202.95864868164062,290.1891784667969,39.824981689453125,285.3589172363281
635,574.1876831054688,319.60406494140625,27.8546142578125,223.58624267578125
635,451.5098876953125,169.77085876464844,43.5467529296875,486.17926025390625
635,618.58642578125,257.4456787109375,35.163330078125,287.8948974609375
635,335.06298828125,196.10626220703125,40.0404052734375,494.99151611328125
636,331.4879150390625,333.9553527832031,69.5528564453125,178.53726196289062
636,716.319091796875,224.92510986328125,52.818359375,254.64874267578125
636,119.12151336669922,328.67755126953125,62.01636505126953,181.31085205078125
636,279.048828125,286.9025573730469,59.03997802734375,221.54510498046875
636,428.57733154296875,238.40174865722656,46.71990966796875,276.711669921875
636,201.46115112304688,215.45870971679688,60.0751953125,298.7821350097656
636,599.925048828125,189.2848358154297,50.0252685546875,342.3819580078125
636,505.941650390625,263.6221923828125,41.2886962890625,246.34381103515625
636,61.351844787597656,251.05569458007812,46.3294677734375,201.90234375
636,656.6541137695312,323.3801574707031,51.722900390625,170.7977294921875
636,30.205244064331055,258.5360107421875,45.497467041015625,204.3350830078125
637,158.50933837890625,368.21258544921875,61.036102294921875,223.36907958984375
637,80.45308685302734,266.04058837890625,57.081504821777344,348.1832275390625
637,492.4748840332031,258.75860595703125,44.467987060546875,298.0455322265625
637,418.6280517578125,321.0658264160156,44.5333251953125,232.26730346679688
637,706.9356079101562,242.37692260742188,50.8948974609375,323.2381896972656
637,257.0313415527344,220.302490234375,28.759033203125,382.41143798828125
637,318.94049072265625,306.8399353027344,67.19390869140625,251.03903198242188
637,550.60791015625,216.96278381347656,32.8197021484375,379.3057861328125
637,625.96533203125,342.68499755859375,52.5775146484375,76.68536376953125
637,48.20680236816406,282.5476379394531,28.735572814941406,281.1488952636719
637,627.57177734375,318.9951477050781,67.0496826171875,210.51876831054688
638,358.5877380371094,309.056396484375,46.61444091796875,163.629638671875
638,486.9614562988281,326.9022216796875,54.193389892578125,154.55511474609375
638,422.35443115234375,309.3402404785156,33.85150146484375,154.00189208984375
638,563.9508666992188,306.69415283203125,64.375,174.185546875
638,230.3412628173828,310.6702575683594,66.58677673339844,169.22369384765625
638,145.22462463378906,283.83251953125,49.820953369140625,197.4737548828125
639,417.9919738769531,242.68275451660156,61.13482666015625,320.68524169921875
639,325.7293701171875,328.2565002441406,52.527099609375,219.93405151367188
639,517.0704956054688,312.77392578125,56.1552734375,264.0380859375
639,595.2064819335938,243.53485107421875,44.5914306640625,317.7559814453125
639,207.7919464111328,272.11279296875,61.76005554199219,229.4229736328125
640,475.51416015625,316.61505126953125,59.1171875,313.5235595703125
640,242.01165771484375,300.80853271484375,59.6998291015625,350.35626220703125
640,362.7367248535156,221.8649444580078,58.37237548828125,402.71270751953125
640,180.49729919433594,188.81495666503906,35.70703125,359.654052734375
640,136.31666564941406,191.4827423095703,31.71063232421875,321.22705078125
640,161.70652770996094,320.67974853515625,44.4676513671875,191.14373779296875
641,576.2757568359375,222.7525634765625,60.536376953125,290.7769775390625
641,254.0060577392578,316.6345520019531,76.52491760253906,318.0003356933594
641,181.90646362304688,261.57843017578125,42.2926025390625,359.61773681640625
641,408.11737060546875,242.66029357910156,58.81451416015625,317.62042236328125
641,106.29931640625,252.591552734375,53.992401123046875,315.68170166015625
641,346.0450744628906,250.8892059326172,51.349853515625,324.0035400390625
641,664.9678955078125,230.09259033203125,31.5682373046875,352.60638427734375
642,301.37054443359375,284.4592590332031,48.79217529296875,308.7127380371094
642,55.07965850830078,265.52532958984375,42.57157897949219,288.58880615234375
642,465.9247131347656,282.18621826171875,49.654510498046875,278.8538818359375
642,533.3751220703125,183.6316680908203,40.193115234375,510.73309326171875
642,588.8505249023438,362.39617919921875,49.641357421875,217.34600830078125
642,712.6270751953125,106.81875610351562,45.1873779296875,593.1033935546875
642,242.54736328125,252.4241180419922,37.8321533203125,389.85943603515625
642,661.1607666015625,254.5282745361328,59.2374267578125,349.095458984375
643,120.42161560058594,341.8799133300781,41.83837890625,152.23529052734375
643,505.0657958984375,339.18377685546875,36.8739013671875,201.93963623046875
643,311.0841979980469,359.26220703125,41.0281982421875,178.91650390625
643,360.83294677734375,379.2202453613281,42.62841796875,128.00823974609375
643,570.1490478515625,420.08526611328125,29.3717041015625,108.95111083984375
643,466.1376953125,366.6994934082031,41.56103515625,138.78472900390625
643,618.147216796875,376.462158203125,27.3763427734375,165.220703125
643,170.68011474609375,365.6453857421875,41.46533203125,153.93988037109375
644,172.68283081054688,291.67034912109375,51.454620361328125,208.1121826171875
644,431.4479064941406,305.5477294921875,46.89569091796875,232.62115478515625
644,699.0695190429688,203.00506591796875,26.3870849609375,319.36517333984375
644,356.0850830078125,180.17230224609375,40.50738525390625,541.624755859375
644,520.5303344726562,182.16773986816406,44.6280517578125,396.410888671875
644,599.5219116210938,384.0553283691406,83.024169921875,60.72259521484375
644,302.104736328125,251.69802856445312,30.298583984375,253.1629638671875
644,736.6428833007812,300.6340637207031,43.148681640625,146.65472412109375
644,24.502540588378906,74.01144409179688,35.068687438964844,578.3768310546875
644,79.65083312988281,148.91966247558594,41.46015930175781,328.900634765625
644,739.5836791992188,268.998779296875,51.8095703125,385.0792236328125
645,162.17379760742188,183.83692932128906,71.31973266601562,394.1741943359375
645,429.7733154296875,208.68223571777344,88.26751708984375,438.93695068359375
645,707.9385986328125,162.14572143554688,48.1688232421875,616.4674072265625
645,305.0208740234375,418.0166015625,70.18896484375,99.0611572265625
645,25.81741714477539,356.1710205078125,102.602294921875,181.60406494140625
645,552.6112670898438,450.14813232421875,74.943603515625,100.70989990234375
646,406.2459411621094,335.86602783203125,59.3441162109375,147.68548583984375
646,652.9046020507812,319.65435791015625,53.1373291015625,208.61334228515625
646,537.286865234375,335.03582763671875,61.6917724609375,222.164306640625
646,138.216796875,309.910888671875,68.30691528320312,190.449951171875
646,95.16383361816406,302.4694519042969,43.365447998046875,186.5872802734375
647,424.76959228515625,252.07614135742188,48.6004638671875,196.64306640625
647,521.5262451171875,380.4564208984375,64.4000244140625,152.59259033203125
647,620.0645751953125,291.08892822265625,45.9017333984375,158.406494140625
647,355.122314453125,332.6964416503906,49.47235107421875,116.81640625
647,90.82708740234375,262.4820556640625,37.19203186035156,215.12628173828125
647,143.35415649414062,278.9556884765625,41.554473876953125,154.37469482421875
647,313.6065979003906,268.98382568359375,40.37799072265625,193.279052734375
647,192.64889526367188,336.2655029296875,53.609588623046875,134.916748046875
647,269.37664794921875,238.89906311035156,32.965087890625,184.7313690185547
647,613.6255493164062,271.32928466796875,67.9310302734375,365.6448974609375
648,183.03343200683594,240.3537139892578,42.68115234375,231.1692352294922
648,374.96136474609375,235.36131286621094,60.58477783203125,236.24659729003906
648,353.0636291503906,241.55441284179688,41.8702392578125,250.01123046875
648,96.54501342773438,273.47796630859375,37.21842956542969,156.697265625
648,538.6717529296875,265.04669189453125,49.93798828125,195.34869384765625
648,705.7706298828125,252.2122344970703,51.677734375,267.45623779296875
648,513.311767578125,259.619140625,26.2353515625,207.38861083984375
648,441.816162109375,356.52239990234375,44.90850830078125,136.10443115234375
648,38.035308837890625,217.87818908691406,40.45246887207031,287.34332275390625
648,291.7696838378906,320.6600036621094,31.8330078125,122.98785400390625
648,121.23136138916016,297.95208740234375,31.749183654785156,134.105712890625
648,227.15771484375,203.53701782226562,44.2869873046875,291.8377685546875
648,80.3770980834961,221.67755126953125,29.955795288085938,227.43023681640625
649,488.2353210449219,264.9599914550781,46.714508056640625,165.906005859375
649,414.57073974609375,315.9890441894531,50.6668701171875,129.6007080078125
649,304.9532470703125,249.60916137695312,46.8087158203125,336.5378112792969
649,601.1184692382812,255.349609375,36.7587890625,149.14990234375
649,342.6424560546875,243.3155975341797,56.9835205078125,302.5194091796875
649,133.63616943359375,193.00094604492188,75.32723999023438,391.8622131347656
650,559.9957885742188,9.351730346679688,54.620849609375,436.42822265625
650,637.0191040039062,41.433624267578125,33.1312255859375,423.60137939453125
650,83.50162506103516,486.48724365234375,46.74816131591797,259.342529296875
650,316.7314147949219,294.5201416015625,43.14617919921875,302.06591796875
650,465.8783874511719,321.65069580078125,64.53640747070312,286.25421142578125
650,16.29806900024414,318.6043701171875,35.186500549316406,494.8824462890625
650,481.03936767578125,193.87335205078125,36.232177734375,284.49749755859375
650,379.52740478515625,99.71923828125,47.028076171875,492.372802734375
650,170.34661865234375,369.0579833984375,40.2236328125,201.9913330078125
650,242.4251708984375,145.8582305908203,33.7977294921875,425.73614501953125
650,471.1303405761719,372.684814453125,54.858734130859375,70.92486572265625
650,765.5890502929688,-0.6832427978515625,62.5111083984375,511.40106201171875
650,706.0021362304688,293.6425476074219,49.9609375,79.598876953125
651,616.6951904296875,239.68026733398438,85.2843017578125,366.8324279785156
651,110.55057525634766,124.55039978027344,55.239585876464844,495.34759521484375
651,554.5626220703125,294.81964111328125,68.650390625,275.298095703125
651,495.2306213378906,152.2847900390625,43.484588623046875,509.343994140625
651,307.0353698730469,377.7613830566406,62.3560791015625,70.52227783203125
651,222.94686889648438,174.31442260742188,61.089385986328125,329.30413818359375
651,409.88330078125,188.2420654296875,68.500732421875,383.09527587890625
651,126.79888153076172,312.3717956542969,30.84961700439453,262.0332336425781
651,161.22357177734375,186.65652465820312,28.558197021484375,320.4765625
652,140.1213836669922,275.23760986328125,53.882232666015625,202.962646484375
652,604.4180908203125,174.33876037597656,52.87939453125,275.32757568359375
652,334.5628356933594,259.93170166015625,55.410400390625,198.43243408203125
652,288.2957458496094,170.7598419189453,39.05352783203125,265.1158447265625
652,412.5279846191406,189.22219848632812,34.03839111328125,298.142822265625
652,466.12347412109375,201.47024536132812,63.50177001953125,244.76275634765625
652,43.69078063964844,191.58424377441406,74.44766235351562,277.59930419921875
652,652.6090087890625,156.3692169189453,56.5093994140625,362.96466064453125
652,238.78115844726562,189.9156951904297,27.28216552734375,237.2397003173828
652,542.5712890625,318.83831787109375,44.1322021484375,57.58251953125
653,342.1252136230469,234.18125915527344,60.424072265625,384.85516357421875
653,702.6703491210938,215.42431640625,50.3653564453125,356.81317138671875
653,493.2729187011719,220.7289581298828,51.167755126953125,391.2254638671875
653,631.1266479492188,312.6659240722656,51.5733642578125,242.47525024414062
653,97.24903106689453,170.68190002441406,48.70185089111328,480.591552734375
653,562.4376831054688,142.67803955078125,51.26708984375,525.941162109375
653,420.9183654785156,298.4598083496094,58.05572509765625,323.1130676269531
653,276.302001953125,167.82142639160156,45.365478515625,487.2706298828125
653,35.26911926269531,163.302001953125,46.029685974121094,478.39471435546875
653,185.6443634033203,418.2737121582031,46.833251953125,61.55078125
654,478.3687744140625,264.751953125,45.448486328125,170.2537841796875
654,552.8831176757812,126.05247497558594,48.842041015625,258.90936279296875
654,259.7430725097656,260.7370910644531,64.32464599609375,263.7741394042969
654,367.9247131347656,206.34393310546875,48.23321533203125,199.70428466796875
654,160.387451171875,202.54763793945312,67.703369140625,246.88079833984375
655,376.12786865234375,57.18975830078125,46.8741455078125,516.674560546875
655,450.6514587402344,245.82376098632812,48.51318359375,376.6762390136719
655,-0.3764791488647461,60.297149658203125,19.281635284423828,777.318603515625
655,517.923583984375,213.51951599121094,46.1400146484375,354.925048828125
655,570.8298950195312,109.5528564453125,40.8477783203125,643.7525634765625
655,648.5692138671875,517.585205078125,31.0855712890625,127.073486328125
655,632.3732299804688,308.36126708984375,58.455322265625,398.360595703125
655,716.976806640625,33.52372741699219,34.0400390625,442.33514404296875
655,100.56182861328125,356.80615234375,33.764190673828125,234.50787353515625
655,632.5159912109375,353.703857421875,53.1368408203125,94.5267333984375
655,41.048404693603516,127.335205078125,39.35433578491211,535.0872802734375
655,168.01568603515625,196.94931030273438,47.97674560546875,577.9278564453125
655,289.38739013671875,150.76174926757812,22.0111083984375,555.5631103515625
655,6.215654373168945,87.93212890625,41.50892639160156,699.7296752929688
655,141.04537963867188,240.04029846191406,33.1456298828125,385.24652099609375
656,669.764892578125,289.68084716796875,42.2264404296875,288.5047607421875
656,115.23751831054688,346.0273132324219,45.064178466796875,256.7693176269531
656,32.3141975402832,256.89520263671875,58.72329330444336,327.3697509765625
656,476.48779296875,357.1112060546875,48.98748779296875,178.40191650390625
656,321.8923645019531,312.19415283203125,59.1082763671875,313.787109375
656,604.4320068359375,353.9259033203125,35.259521484375,188.53594970703125
656,539.4154052734375,268.6727294921875,27.8289794921875,379.19635009765625
656,196.772216796875,217.02577209472656,46.851531982421875,495.90313720703125
657,342.36199951171875,219.61322021484375,65.42877197265625,277.4166259765625
657,645.7217407226562,232.39215087890625,56.246337890625,321.719482421875
657,259.33270263671875,316.8730773925781,44.75921630859375,158.20880126953125
657,530.7396240234375,372.08599853515625,62.7784423828125,203.7974853515625
657,145.1736602783203,245.14871215820312,51.023834228515625,181.72381591796875
657,448.4674987792969,184.04400634765625,31.73052978515625,406.4599609375
658,48.87726593017578,302.2801513671875,59.690460205078125,369.14495849609375
658,670.617919921875,203.56475830078125,63.003173828125,397.39276123046875
658,401.30975341796875,266.87579345703125,64.34375,306.48992919921875
658,521.40283203125,371.3990478515625,100.5203857421875,272.38189697265625
658,246.93130493164062,434.9368896484375,61.71209716796875,80.78973388671875
658,144.41473388671875,301.5660705566406,62.509521484375,334.4865417480469
658,362.81719970703125,241.13218688964844,28.887939453125,401.7642822265625
658,565.1876220703125,519.4498901367188,32.1561279296875,79.3587646484375
659,63.937339782714844,270.1882019042969,48.59663391113281,208.16717529296875
659,206.6306915283203,346.90155029296875,56.80964660644531,154.89617919921875
659,496.2356262207031,329.7529296875,44.656219482421875,214.4298095703125
659,118.32955932617188,252.9315185546875,55.45086669921875,241.13720703125
659,589.0210571289062,302.1353759765625,62.1109619140625,249.11151123046875
659,644.2638549804688,297.44830322265625,53.5546875,244.2957763671875
659,400.69805908203125,332.9553527832031,43.801025390625,168.74224853515625
659,289.7460021972656,250.40457153320312,34.18475341796875,301.2016296386719
659,690.6200561523438,280.7238464355469,43.1644287109375,273.2281799316406
659,554.7264404296875,307.6427001953125,39.344970703125,265.85675048828125
659,334.403076171875,257.0554504394531,36.96893310546875,292.1689147949219
659,444.04339599609375,364.45001220703125,36.40716552734375,149.9017333984375
660,587.4125366210938,249.0225830078125,46.3240966796875,394.69354248046875
660,361.16717529296875,311.1180419921875,52.59716796875,271.58819580078125
660,156.59063720703125,218.4771270751953,57.0233154296875,321.50384521484375
660,43.434913635253906,111.75892639160156,50.57316589355469,413.0311279296875
661,152.18519592285156,248.2969207763672,40.607574462890625,203.47572326660156
661,608.8704223632812,276.9927978515625,48.1214599609375,139.66009521484375
661,341.3129577636719,265.17230224609375,51.76092529296875,150.48968505859375
661,487.6236572265625,265.9190368652344,31.56591796875,146.76763916015625
661,196.43797302246094,278.91522216796875,41.51507568359375,114.03997802734375
661,504.93536376953125,278.7433166503906,45.2745361328125,114.41961669921875
662,144.61093139648438,242.45738220214844,48.05206298828125,445.1077880859375
662,557.8052368164062,310.88739013671875,59.919921875,317.6646728515625
662,354.44256591796875,314.2364807128906,53.197509765625,360.3311462402344
662,449.14569091796875,65.212158203125,69.16326904296875,665.309814453125
662,254.01766967773438,155.65451049804688,78.6671142578125,485.7685852050781
662,716.0515747070312,191.05587768554688,80.9559326171875,508.3497619628906
662,29.175987243652344,288.3334045410156,60.90202331542969,327.0077819824219
662,68.18083190917969,135.0414276123047,35.443023681640625,473.95123291015625
663,236.55014038085938,263.8866882324219,65.6845703125,239.82275390625
663,575.7865600585938,346.109130859375,47.341796875,166.4710693359375
663,485.73541259765625,268.8385314941406,66.4307861328125,235.14288330078125
663,653.0608520507812,256.5384826660156,40.6136474609375,249.8875732421875
663,60.3548698425293,279.6216735839844,68.58522033691406,223.1343994140625
663,152.32643127441406,336.7331848144531,54.67059326171875,184.42953491210938
663,711.3619384765625,256.5902099609375,41.2520751953125,243.56903076171875
663,326.7303161621094,366.9065246582031,53.2667236328125,80.1109619140625
663,409.0313720703125,265.77191162109375,62.33160400390625,268.283447265625
664,142.76516723632812,189.82754516601562,45.532958984375,195.32940673828125
664,530.4889526367188,106.37482452392578,52.18115234375,228.97756958007812
664,485.273681640625,110.81558227539062,42.5826416015625,163.87374877929688
664,215.252197265625,209.08135986328125,62.0098876953125,237.95611572265625
664,341.2348327636719,180.72140502929688,81.09783935546875,162.7923583984375
665,92.90968322753906,237.63119506835938,66.01469421386719,337.7090148925781
665,482.3526611328125,241.17947387695312,64.2001953125,299.2825622558594
665,658.5484619140625,248.44485473632812,56.130615234375,247.79534912109375
665,181.88308715820312,389.1229248046875,61.937591552734375,177.45263671875
665,285.8393249511719,302.46337890625,59.513671875,243.27777099609375
665,575.0652465820312,341.74951171875,54.45166015625,203.11480712890625
665,390.8759765625,408.7108154296875,64.58843994140625,76.4193115234375
666,147.08834838867188,272.6528625488281,55.36767578125,140.3043212890625
666,628.6394653320312,216.14566040039062,37.603759765625,144.7626953125
666,235.6517333984375,293.82708740234375,41.5687255859375,103.079833984375
666,296.27880859375,209.36471557617188,40.8919677734375,166.08203125
666,346.8272705078125,199.91587829589844,36.54498291015625,232.81910705566406
666,417.41802978515625,261.2037048339844,46.134765625,114.20074462890625
666,474.9228820800781,221.2681884765625,37.813140869140625,232.5830078125
666,687.5667114257812,167.65899658203125,38.96435546875,282.986572265625
666,65.59521484375,241.89967346191406,31.83660888671875,185.71250915527344
666,540.6670532226562,234.31076049804688,40.22607421875,162.93243408203125
667,211.338134765625,329.43316650390625,81.96044921875,283.7244873046875
667,106.60267639160156,121.20753479003906,80.62432861328125,500.34130859375
667,517.2374877929688,252.75827026367188,92.8369140625,313.9147033691406
667,356.6622009277344,143.60682678222656,48.19622802734375,439.66375732421875
667,655.1973876953125,104.85787963867188,41.68310546875,471.7610168457031
668,535.9205932617188,189.3002471923828,52.2884521484375,380.93084716796875
668,683.2754516601562,278.44268798828125,53.8341064453125,293.52410888671875
668,462.6066589355469,411.7090759277344,47.2515869140625,192.59622192382812
668,259.7274169921875,345.0080871582031,49.387939453125,242.79794311523438
668,613.3636474609375,332.269775390625,42.4117431640625,297.236328125
668,374.053466796875,133.7984619140625,56.91015625,610.0996704101562
668,169.51695251464844,168.60910034179688,51.17926025390625,426.9647521972656
668,344.91552734375,226.0337677001953,44.9376220703125,447.77838134765625
669,591.9276123046875,260.1280822753906,68.2650146484375,259.9707946777344
669,667.6702270507812,184.1212615966797,65.940673828125,323.10467529296875
669,412.95440673828125,331.7527770996094,49.15966796875,161.65777587890625
669,57.89191436767578,148.14724731445312,44.23637390136719,459.9956970214844
669,488.6267395019531,142.3911590576172,49.691253662109375,345.53216552734375
669,101.7598648071289,152.87086486816406,47.424400329589844,449.11968994140625
669,527.2053833007812,46.721649169921875,57.1123046875,617.6004638671875
669,296.7028503417969,236.84518432617188,39.14984130859375,252.995849609375
669,173.2379608154297,323.43988037109375,48.57421875,168.3509521484375
669,351.4586486816406,110.85488891601562,47.39459228515625,532.68408203125
669,146.17921447753906,216.85263061523438,52.51849365234375,339.8463439941406
669,284.42559814453125,236.3480987548828,93.01123046875,365.99749755859375
670,502.5613708496094,310.475830078125,53.818328857421875,208.1798095703125
670,115.17960357666016,217.70140075683594,62.43645477294922,423.84173583984375
670,193.99313354492188,278.6669921875,51.760986328125,281.1063232421875
670,266.4111633300781,394.4705505371094,52.27783203125,152.67520141601562
670,357.09808349609375,216.40182495117188,56.716552734375,367.6557922363281
670,627.3411254882812,235.03329467773438,56.419189453125,183.7532958984375
670,415.3542175292969,189.37472534179688,51.26983642578125,371.6805725097656
671,290.2408142089844,107.11509704589844,37.35296630859375,412.581787109375
671,160.2708740234375,261.5841064453125,42.362823486328125,205.47705078125
671,654.1036376953125,164.43605041503906,47.611328125,328.1544189453125
671,392.8384094238281,332.208984375,50.183837890625,215.81072998046875
671,534.44873046875,147.2924041748047,62.9442138671875,430.29400634765625
671,43.589111328125,162.43663024902344,40.93730163574219,507.2935791015625
671,671.0255126953125,131.46575927734375,66.7037353515625,466.23077392578125
671,108.91085052490234,191.523193359375,42.79529571533203,388.07415771484375
671,226.49844360351562,292.0340576171875,52.151123046875,205.27667236328125
671,335.619384765625,176.14659118652344,46.17413330078125,478.64495849609375
671,491.76275634765625,197.0698699951172,53.7188720703125,436.59027099609375
671,726.2796020507812,155.57798767089844,30.129638671875,462.26031494140625
672,55.84961700439453,102.42086791992188,57.38221740722656,364.38507080078125
672,495.8760986328125,192.599609375,64.3736572265625,415.050537109375
672,129.5996551513672,109.28207397460938,50.775054931640625,362.45477294921875
672,652.292236328125,184.91546630859375,51.2425537109375,323.0887451171875
672,369.7768249511719,113.08676147460938,39.849365234375,390.7542724609375
672,237.09512329101562,351.850830078125,67.20562744140625,56.183837890625
673,257.1313781738281,285.3128356933594,44.614501953125,236.61819458007812
673,507.8699645996094,310.7042236328125,44.810516357421875,291.64776611328125
673,194.44895935058594,407.2419128417969,43.591644287109375,119.03884887695312
673,305.39727783203125,288.0870056152344,43.98419189453125,265.6813049316406
673,599.5379638671875,410.68438720703125,38.4061279296875,153.94891357421875
673,385.69989013671875,410.26324462890625,63.84552001953125,154.022216796875
673,558.7088623046875,305.8730773925781,43.9818115234375,240.16250610351562
673,59.72161102294922,255.84591674804688,48.367919921875,341.2909240722656
673,117.49148559570312,318.6336669921875,49.14715576171875,164.80096435546875
673,656.0875244140625,294.997802734375,47.2119140625,348.9493408203125
673,694.8946533203125,306.893310546875,45.93310546875,332.9266357421875
674,485.2214660644531,303.42462158203125,28.514312744140625,133.066650390625
674,365.7312927246094,294.76068115234375,40.58001708984375,187.1890869140625
674,171.58883666992188,389.322021484375,44.5291748046875,75.65191650390625
674,615.9208984375,301.5438232421875,35.7755126953125,96.45220947265625
675,472.810791015625,349.11907958984375,81.8087158203125,351.2218017578125
675,125.31988525390625,183.142822265625,53.925537109375,430.2247314453125
675,278.6958312988281,386.814453125,94.06744384765625,277.574951171875
675,195.80593872070312,225.18023681640625,63.432373046875,378.488525390625
675,407.56866455078125,109.08123779296875,43.460205078125,517.0444946289062
675,565.5728759765625,200.90908813476562,45.9248046875,441.6214294433594
675,313.53363037109375,248.5003662109375,35.4249267578125,129.691162109375
675,509.02569580078125,197.15618896484375,39.5714111328125,125.18988037109375
675,311.32470703125,514.09765625,36.86236572265625,117.1778564453125
675,491.4231262207031,536.3746337890625,36.649017333984375,114.9029541015625
676,431.05194091796875,170.6260223388672,56.7186279296875,292.6168212890625
676,216.42344665527344,164.8763885498047,46.34007263183594,318.763427734375
676,304.18731689453125,134.5496368408203,51.3516845703125,341.8927001953125
676,541.1883544921875,178.5184783935547,54.1107177734375,282.22161865234375
677,532.9568481445312,317.10321044921875,46.41259765625,235.5709228515625
677,190.11221313476562,377.9428405761719,46.85626220703125,146.30703735351562
677,608.3870239257812,400.40704345703125,52.1861572265625,184.25738525390625
677,119.707275390625,290.1270751953125,36.89349365234375,152.8360595703125
677,738.8690795898438,335.8162841796875,39.891845703125,257.83349609375
677,681.963623046875,343.0963439941406,33.1854248046875,200.76535034179688
677,51.937862396240234,215.88311767578125,37.36726760864258,257.698974609375
677,335.4786071777344,284.9990234375,37.3623046875,250.02490234375
677,396.44500732421875,404.6993103027344,59.90496826171875,54.65386962890625
677,494.9598693847656,312.6739807128906,45.603363037109375,225.73867797851562
677,272.55401611328125,317.1315002441406,63.68365478515625,205.38424682617188
678,601.9212646484375,289.7008056640625,66.1827392578125,278.3067626953125
678,270.3694763183594,335.7054748535156,58.4876708984375,177.25308227539062
678,355.23492431640625,269.6637878417969,76.69775390625,245.05276489257812
678,516.7030639648438,346.6534423828125,59.1116943359375,185.99517822265625
678,442.18438720703125,268.2510986328125,41.4256591796875,277.85382080078125
678,103.47991943359375,221.98020935058594,35.88456726074219,257.30169677734375
678,184.2790069580078,294.0978698730469,50.2044677734375,181.87164306640625
680,560.7509765625,331.6474609375,62.0477294921875,163.22735595703125
680,310.7319641113281,282.02178955078125,37.99517822265625,185.53521728515625
680,139.41525268554688,275.8338623046875,61.703460693359375,191.4788818359375
680,240.28076171875,313.2810363769531,41.443359375,154.067626953125
680,471.9554748535156,290.6194152832031,63.022796630859375,159.66424560546875
680,371.66162109375,384.7851257324219,45.37109375,59.89190673828125
680,635.5003051757812,302.360595703125,59.1380615234375,183.97540283203125
681,377.14495849609375,287.38861083984375,63.26153564453125,351.5731201171875
681,176.364013671875,379.27850341796875,44.93487548828125,192.8642578125
681,632.6971435546875,102.5244140625,63.645751953125,501.52618408203125
681,466.75921630859375,132.94606018066406,58.13330078125,502.03289794921875
681,116.86345672607422,228.86180114746094,65.9378433227539,365.0047607421875
681,250.51785278320312,230.20806884765625,44.734619140625,365.6368408203125
681,229.70016479492188,277.53155517578125,102.24853515625,453.3408203125
681,287.3343200683594,113.72970581054688,64.0528564453125,657.1051025390625
681,68.10969543457031,124.45245361328125,59.215484619140625,573.9423828125
681,538.8908081054688,415.35980224609375,67.273681640625,200.0826416015625
681,473.7033996582031,331.40948486328125,31.9083251953125,242.4674072265625
681,294.2895202636719,425.1175537109375,42.07904052734375,285.42138671875
682,256.2834777832031,288.454345703125,56.22186279296875,254.235107421875
682,499.3834533691406,193.0238037109375,37.930938720703125,475.1741943359375
682,171.26243591308594,108.95320129394531,58.40155029296875,415.774169921875
682,320.93133544921875,138.80899047851562,42.4376220703125,559.1912841796875
683,297.22998046875,189.57534790039062,55.0308837890625,299.54248046875
683,146.173583984375,285.30072021484375,48.000244140625,269.43951416015625
683,446.164794921875,288.3464050292969,36.28192138671875,203.20416259765625
683,507.60247802734375,191.7015838623047,48.3369140625,277.0037841796875
683,232.40133666992188,345.8563537597656,43.16632080078125,167.23849487304688
683,664.9879150390625,143.44342041015625,70.01318359375,229.34588623046875
683,364.7101135253906,120.75965881347656,50.30755615234375,509.71600341796875
683,31.793087005615234,245.43478393554688,33.0403938293457,465.2584533691406
683,97.2322769165039,307.09600830078125,36.75458526611328,262.46734619140625
683,381.37066650390625,364.993408203125,29.36907958984375,217.56268310546875
684,149.351318359375,310.0075988769531,52.459564208984375,233.55203247070312
684,638.1830444335938,264.4590148925781,59.016357421875,295.5826110839844
684,341.3782958984375,326.0849304199219,58.120361328125,248.32107543945312
684,227.20849609375,277.3054504394531,35.063446044921875,229.85638427734375
684,435.10858154296875,191.22384643554688,45.0064697265625,477.9089660644531
684,717.0610961914062,247.05674743652344,41.4178466796875,420.59222412109375
684,505.0793151855469,252.2716522216797,42.664886474609375,311.6278076171875
685,474.9861145019531,322.833984375,35.80340576171875,106.3702392578125
685,112.48035430908203,340.0513000488281,41.12230682373047,83.89447021484375
685,626.0628662109375,329.3596496582031,45.11474609375,113.54046630859375
685,410.4658508300781,323.21337890625,47.45880126953125,123.4913330078125
685,274.4496154785156,335.60546875,50.60345458984375,98.61181640625
685,49.74290466308594,316.84893798828125,46.01243591308594,136.56121826171875
685,222.34974670410156,331.43438720703125,51.21199035644531,90.95587158203125
685,354.7295837402344,345.8093566894531,31.811767578125,80.51348876953125
686,301.16363525390625,218.45504760742188,66.7911376953125,194.98651123046875
686,193.69532775878906,231.41343688964844,30.283172607421875,120.16841125488281
686,414.5409851074219,233.06878662109375,51.24786376953125,177.66998291015625
687,155.4840087890625,171.86746215820312,58.70526123046875,309.29217529296875
687,464.670166015625,284.0136413574219,57.73284912109375,167.12335205078125
688,187.27706909179688,294.1209716796875,47.148193359375,309.8382568359375
688,656.4041748046875,261.248291015625,53.49072265625,250.80224609375
688,518.798828125,282.5458984375,53.43896484375,303.655029296875
688,254.5523681640625,273.95770263671875,50.5751953125,397.802978515625
688,336.4119873046875,369.191162109375,67.91278076171875,409.32958984375
688,696.6332397460938,222.72723388671875,65.3521728515625,419.957763671875
688,461.6344909667969,221.9401092529297,45.60479736328125,432.95147705078125
689,146.37094116210938,372.541015625,55.83721923828125,111.88494873046875
689,534.8928833007812,275.1190185546875,36.2772216796875,144.0704345703125
689,451.971435546875,338.0265808105469,56.75799560546875,135.83673095703125
689,602.1176147460938,235.88339233398438,34.8826904296875,266.85516357421875
689,237.8246612548828,365.9615478515625,71.08653259277344,236.78912353515625
689,379.87591552734375,288.80511474609375,48.02667236328125,230.23046875
689,85.41212463378906,359.00244140625,33.96260070800781,153.8543701171875
690,451.324951171875,217.80987548828125,52.77178955078125,305.5660400390625
690,388.6645202636719,313.713623046875,35.54327392578125,158.407470703125
690,620.783447265625,244.4961700439453,59.5645751953125,311.18365478515625
690,222.3736572265625,269.4552307128906,49.718780517578125,154.26971435546875
690,298.44482421875,186.97975158691406,47.38763427734375,267.9942626953125
690,118.49043273925781,54.09552001953125,41.8516845703125,349.8501281738281
691,596.1163330078125,365.15643310546875,54.8834228515625,199.1368408203125
691,327.6147155761719,246.0904541015625,65.233642578125,280.03961181640625
691,188.04135131835938,226.22779846191406,68.888671875,334.3759765625
691,686.9293212890625,246.94686889648438,58.1387939453125,381.3074035644531
691,474.440185546875,211.76556396484375,41.61749267578125,413.81256103515625
691,281.4921875,183.22084045410156,44.15936279296875,488.60516357421875
691,504.24053955078125,202.08457946777344,56.5062255859375,473.4000244140625
691,66.24836730957031,95.89350891113281,115.53620910644531,361.98565673828125
691,399.86065673828125,373.89422607421875,61.088134765625,109.96728515625
692,597.6879272460938,369.3487854003906,50.3419189453125,284.3208923339844
692,535.2548828125,257.4632263183594,36.5458984375,411.0951232910156
692,673.165283203125,171.02679443359375,52.9874267578125,451.15057373046875
692,95.08509063720703,269.4094543457031,54.56554412841797,399.3780212402344
692,407.61578369140625,313.56439208984375,40.14569091796875,295.97259521484375
692,325.7568664550781,175.91470336914062,46.32781982421875,541.70703125
692,247.10108947753906,231.52804565429688,62.26512145996094,410.4238586425781
692,753.2297973632812,183.48333740234375,49.4581298828125,484.84783935546875
692,65.79493713378906,257.887451171875,29.268325805664062,388.3590087890625
692,459.72100830078125,256.63037109375,44.343505859375,442.40948486328125
692,174.25425720214844,437.4698486328125,44.498626708984375,73.3961181640625
692,10.561416625976562,166.2415771484375,39.250545501708984,581.493408203125
693,562.7821044921875,266.2655029296875,42.1768798828125,214.8392333984375
693,438.54864501953125,200.38392639160156,57.2757568359375,257.5196533203125
693,174.8245849609375,282.8365478515625,40.227142333984375,175.11846923828125
693,652.2081909179688,184.89599609375,40.8116455078125,207.11138916015625
693,382.0885925292969,305.64556884765625,43.69036865234375,150.38458251953125
693,114.35931396484375,233.04002380371094,51.251129150390625,273.8095703125
693,287.5442810058594,238.3151397705078,40.3050537109375,208.45091247558594
693,510.45233154296875,181.9667510986328,21.19970703125,270.5689697265625
693,331.0335388183594,250.27484130859375,39.29913330078125,243.2235107421875
693,80.24807739257812,221.509033203125,24.874801635742188,288.96539306640625
694,722.2105712890625,293.94293212890625,50.75146484375,237.21026611328125
694,340.48345947265625,219.8773956298828,47.179443359375,236.48435974121094
694,245.06991577148438,170.37600708007812,40.30438232421875,269.7796630859375
694,416.196533203125,320.1673583984375,72.62506103515625,264.8843994140625
694,643.3380737304688,360.3554382324219,59.6124267578125,242.88125610351562
694,55.132568359375,278.36676025390625,29.400222778320312,115.663330078125
694,550.688720703125,184.89468383789062,51.6483154296875,399.1098327636719
694,517.4945678710938,289.77691650390625,32.885498046875,234.40423583984375
694,30.525623321533203,153.0406494140625,64.85067749023438,255.1796875
695,186.977783203125,324.57757568359375,44.305755615234375,237.83990478515625
695,368.6349792480469,337.39630126953125,72.926513671875,192.82659912109375
695,236.1040802001953,363.8201599121094,59.84608459472656,195.58071899414062
695,542.1653442382812,303.1540832519531,32.99462890625,220.48141479492188
695,578.7058715820312,295.8064270019531,33.0653076171875,249.74349975585938
696,690.4210205078125,281.8466796875,53.7708740234375,198.66534423828125
696,187.91177368164062,312.96673583984375,49.3719482421875,241.30938720703125
696,598.3657836914062,407.3878173828125,47.4853515625,157.556396484375
696,88.79733276367188,260.2354736328125,58.08161926269531,301.62744140625
696,398.8796081542969,375.0985107421875,64.32080078125,205.724853515625
696,487.7524719238281,254.0948028564453,47.534881591796875,294.387451171875
696,307.92340087890625,186.0417938232422,56.57366943359375,486.5814208984375
696,267.7856140136719,249.56939697265625,46.56744384765625,275.74224853515625
696,22.449615478515625,206.85025024414062,48.89282989501953,475.8859558105469
697,123.5506362915039,191.25917053222656,53.365943908691406,347.93768310546875
697,323.83740234375,280.53314208984375,55.4105224609375,249.19866943359375
697,452.764404296875,296.32781982421875,43.57904052734375,189.36822509765625
697,686.4454956054688,285.0843505859375,38.6072998046875,224.86846923828125
697,533.0673828125,206.57666015625,46.99560546875,395.53369140625
697,191.94419860839844,383.3086853027344,51.24591064453125,125.38702392578125
697,51.837806701660156,219.5924835205078,46.804229736328125,415.6387939453125
697,512.5701904296875,312.3778991699219,29.46630859375,222.80471801757812
698,691.2674560546875,254.620849609375,67.8685302734375,501.33819580078125
698,354.8540954589844,263.8150634765625,67.08685302734375,303.62200927734375
698,139.82278442382812,214.3824462890625,67.811279296875,326.66204833984375
698,465.956787109375,196.11004638671875,45.07745361328125,555.7723388671875
698,552.5949096679688,284.64434814453125,80.3450927734375,493.631103515625
698,86.44227600097656,185.9024658203125,37.97859191894531,369.130615234375
698,26.33970069885254,93.29617309570312,42.83917236328125,660.748046875
698,251.65347290039062,416.7906188964844,56.3369140625,154.64181518554688
698,41.925453186035156,494.169921875,40.03956604003906,199.4622802734375
698,715.1795654296875,460.4353942871094,29.9962158203125,230.50991821289062
699,168.17332458496094,268.49407958984375,67.36834716796875,303.56268310546875
699,468.4091491699219,354.8601379394531,60.024749755859375,193.26596069335938
699,258.788818359375,348.8849182128906,53.0557861328125,185.85830688476562
699,564.3988647460938,204.4202423095703,58.5594482421875,315.12530517578125
699,92.88520812988281,393.3760986328125,68.20433044433594,93.965576171875
699,353.9621276855469,252.6466827392578,60.52667236328125,294.198974609375
699,576.4114990234375,224.83416748046875,81.6300048828125,116.24609375
